IV_QC,Seal Resistance,Seal Count,Pre-pulse Leak,Series Resistance,Cap,Seal Resistance Value,Seal Count Value,Pre-pulse Leak Value,Series Resistance Value,Cap Value,cell qc,Well ID,Auto QC,Manual QC,match,Valid QC
0,1,1,1,1,1,6648.306571428571,0,9.416982,1.651760142857143,6.383076714285715,1,A01,0,0,1,F
0,1,1,1,0,1,1858.914857142857,0,9.131590999999998,197.65464285714287,7.833138714285714,0,B01,0,0,1,F
0,0,0,1,0,0,384.79855714285713,7,12.39839,,,0,C01,0,0,1,F
1,1,1,1,1,1,3160.275857142857,0,18.545900000000003,5.241528142857143,12.273835714285717,1,D01,1,1,1,T
0,1,1,1,0,1,10153.361428571428,0,10.58328,44.15695571428572,4.906511571428572,0,E01,0,0,1,F
1,1,1,1,1,1,5052.851571428571,0,10.83976,18.02260714285714,20.11642714285714,1,F01,1,1,1,T
0,1,1,1,0,0,15013.152142857143,0,10.96609,,,0,G01,0,0,1,F
0,1,1,1,0,0,3971.136142857143,0,13.70761,52.952262857142856,2.3040234285714285,0,H01,0,0,1,F
0,1,1,1,0,0,3422.819857142857,0,15.40891,23.044017142857143,3.603678714285714,0,I01,0,0,1,F
1,1,1,1,1,1,53709.79714285714,0,12.60011,4.682038571428572,11.443452857142857,1,J01,1,1,1,T
1,1,1,1,1,1,1383.1045714285715,0,13.82348,10.399918571428572,12.271975714285716,1,K01,1,1,1,T
1,1,1,1,1,1,6614.351,0,13.91041,5.200289142857143,15.293524285714286,1,L01,1,1,1,T
1,1,1,1,1,1,2083.686142857143,0,13.58614,16.744205714285716,7.772984142857143,1,M01,1,1,1,T
1,1,1,1,1,1,2071.1357142857146,0,20.46972,4.367514142857143,7.388423571428571,1,N01,1,1,1,T
0,1,1,1,1,0,14400.191571428571,0,12.4344,1.0,2.445579,0,O01,0,0,1,F
1,1,1,1,1,1,3707.255285714286,0,10.79544,1.0,6.657239000000001,1,P01,1,1,1,T
0,1,1,1,1,0,7362.842142857143,0,25.0341,1.0,1.4385117142857142,0,A02,0,0,1,F
0,0,0,1,0,0,131.94024285714286,7,11.73494,99.571565,134.63936666666666,0,B02,0,0,1,F
1,1,1,1,1,1,6437.393857142858,0,13.75221,5.623870142857143,13.752407142857145,1,C02,1,1,1,T
1,1,1,1,1,1,5684.670714285714,0,10.81332,5.932141,9.508735428571429,1,D02,1,1,1,T
1,1,1,1,1,1,3431.243428571429,0,10.69398,6.535333571428572,11.781247142857143,1,E02,1,1,1,T
0,1,1,1,0,0,7104.709,0,12.07098,73.62931285714285,2.629839142857143,0,F02,0,0,1,F
1,1,1,1,1,1,8263.342,0,21.8249,6.307231428571428,9.328377857142858,1,G02,1,1,1,T
0,1,1,1,1,1,1711.520142857143,0,15.10954,11.531034142857145,16.363385714285716,1,H02,0,0,1,F
1,1,1,1,1,1,1339.8424285714286,0,24.21526,8.973143285714286,10.540074285714288,1,I02,1,1,1,T
0,1,1,1,1,1,6076.319285714286,0,15.294330000000002,4.196938142857142,17.47273714285714,1,J02,0,0,1,F
1,1,1,1,1,1,1973.833,0,17.11878,5.730498571428572,14.945784285714284,1,K02,1,1,1,T
1,1,1,1,1,1,2555.494714285714,0,20.2425,11.919567142857144,14.328990000000005,1,L02,1,1,1,T
1,1,1,1,1,1,3752.039285714286,0,12.58648,18.439125714285712,6.639672714285714,1,M02,1,1,1,T
0,1,1,1,0,0,9659.266857142857,0,12.04445,,,0,N02,0,0,1,F
1,1,1,1,1,1,3287.421142857143,0,13.73372,7.453615428571428,7.992526571428572,1,O02,1,1,1,T
1,1,1,1,1,1,2795.534285714286,0,10.72848,4.597507714285714,16.217177142857143,1,P02,1,1,1,T
1,1,1,1,1,1,8842.083857142856,0,12.38006,3.3997274285714285,13.03321,1,A03,1,1,1,T
1,1,1,1,1,1,2936.344,0,10.36856,6.061094,13.614845714285714,1,B03,1,1,1,T
0,0,0,1,0,0,159.6765,7,12.32358,,,0,C03,0,0,1,F
1,1,1,1,1,1,2372.9135714285712,0,13.8258,18.777684285714287,7.677147571428572,1,D03,1,1,1,T
0,1,1,1,1,1,1610.3924285714286,0,15.50391,14.395857142857144,10.035103571428571,1,E03,0,1,0,F
0,1,1,1,1,0,9284.568285714286,0,12.296600000000002,1.0,2.4427129999999995,0,F03,0,0,1,F
1,1,1,1,1,1,3957.665571428571,0,13.77329,5.288710285714285,15.248278571428571,1,G03,1,1,1,T
1,1,1,1,1,1,3357.648714285714,0,11.98466,4.586783714285715,22.43169285714286,1,H03,1,1,1,T
0,0,0,1,1,0,381.2903142857143,7,18.41177,3.793721142857143,60.228028571428574,0,I03,0,0,1,F
0,1,1,1,0,0,837.4898,0,18.25124,,,0,J03,0,0,1,F
0,1,1,1,0,1,1606.977,0,13.64482,21.49065,10.72926714285714,0,K03,0,0,1,F
1,1,1,1,1,1,911.2819571428572,0,15.130579999999998,9.825285571428571,14.00667714285714,1,L03,1,1,1,T
1,1,1,1,1,1,1510.2234285714285,0,14.83562,5.710373857142857,32.401140000000005,1,M03,1,1,1,T
1,1,1,1,1,1,2449.008428571429,0,12.34799,1.477734428571429,10.595052857142855,1,N03,1,1,1,T
0,1,1,1,1,1,3054.377428571429,0,13.70312,1.0,6.242138714285714,1,O03,0,1,0,F
0,1,1,1,0,0,19948.29,0,12.46342,,,0,P03,0,0,1,F
0,1,1,1,1,1,16195.955714285716,0,13.96337,12.20675142857143,5.566180571428572,1,A04,0,0,1,F
1,1,1,1,1,1,5312.625285714286,0,13.58,5.032813857142857,23.24364,1,B04,1,1,1,T
0,1,1,1,1,1,7565.1425714285715,0,10.83113,5.865901428571428,7.933500142857143,1,C04,0,0,1,F
1,1,1,1,1,1,3798.587,0,12.07895,5.023737142857143,15.355425714285715,1,D04,1,1,1,T
0,1,1,1,1,1,3460.217571428572,0,13.79092,12.864095714285714,35.18469142857142,1,E04,0,0,1,F
0,1,1,1,0,1,7314.317,0,10.67076,20.315134285714286,5.471207714285715,0,F04,0,0,1,F
0,1,1,1,1,1,4074.456285714286,0,14.94467,13.808618571428571,11.373085714285711,1,G04,0,0,1,F
1,1,1,1,1,1,2942.6955714285714,0,13.72449,5.488099428571428,16.003838571428574,1,H04,1,1,1,T
0,1,1,1,0,0,1491.7445714285714,0,12.12737,,,0,I04,0,0,1,F
0,0,0,1,0,0,207.13314285714287,7,10.62121,,,0,J04,0,0,1,F
1,1,1,1,1,1,2904.302571428572,0,18.54095,5.873374,13.965802857142858,1,K04,1,1,1,T
1,1,1,1,1,1,4785.1564285714285,0,10.94548,12.052555714285717,9.459778428571427,1,L04,1,1,1,T
1,1,1,1,1,1,3937.761142857143,0,15.27579,14.762462857142856,13.214841428571429,1,M04,1,1,1,T
1,1,1,1,1,1,2773.588714285714,0,14.13619,7.339174571428572,17.33671,1,N04,1,1,1,T
1,1,1,1,1,1,759.0303857142858,0,10.71475,5.842188428571428,16.036511428571433,1,O04,1,1,1,T
1,1,1,1,1,1,5634.370857142858,0,13.70364,9.455967714285714,10.81005,1,P04,1,1,1,T
1,1,1,1,1,1,3977.267571428571,0,20.18621,5.081631571428572,22.29476285714286,1,A05,1,1,1,T
0,1,1,1,1,1,3811.307571428571,0,15.18876,4.9549134285714285,30.08505285714285,1,B05,0,1,0,F
1,1,1,1,1,1,2985.471571428571,0,16.64257,5.491652571428572,15.871657142857144,1,C05,1,1,1,T
1,1,1,1,1,1,2227.5974285714287,0,20.13792,12.93845,16.238490000000002,1,D05,1,1,1,T
1,1,1,1,1,1,7055.728571428572,0,12.01238,15.15036,11.626777142857144,1,E05,1,1,1,T
1,1,1,1,1,1,3950.6284285714287,0,10.79967,12.034564285714286,9.619913142857142,1,F05,1,1,1,T
1,1,1,1,1,1,2144.221,0,15.47955,4.449479714285714,23.11703,1,G05,1,1,1,T
1,1,1,1,1,1,3820.646857142857,0,15.40581,4.818276571428572,35.04134428571428,1,H05,1,1,1,T
1,1,1,1,1,1,4434.649857142857,0,15.41787,5.180779714285714,13.697655714285714,1,I05,1,1,1,T
1,1,1,1,1,1,2337.787857142857,0,18.47423,4.905470571428572,15.281107142857142,1,J05,1,1,1,T
0,1,1,1,1,0,19659.577142857142,0,16.86605,1.0,1.742703142857143,0,K05,0,0,1,F
1,1,1,1,1,1,4034.088285714286,0,10.92746,6.175378857142857,11.966319999999998,1,L05,1,1,1,T
1,1,1,1,1,1,1795.452,0,17.02685,4.549299857142858,21.980078571428567,1,M05,1,1,1,T
0,1,1,1,1,1,2082.395857142857,0,16.660259999999997,9.566861142857144,13.809642857142858,1,N05,0,0,1,F
1,1,1,1,1,1,5602.458,0,12.38884,13.45651,8.016366571,1,O05,1,1,1,T
1,1,1,1,1,1,2832.155142857143,0,10.88678,5.510571571428572,10.079280285714288,1,P05,1,1,1,T
1,1,1,1,1,1,12513.881428571429,0,13.65708,6.977457,11.549342857142856,1,A06,1,1,1,T
0,1,1,1,0,0,15914.657142857144,0,12.25463,,,0,B06,0,0,1,F
1,1,1,1,1,1,5431.271571428571,0,13.61324,13.505815714285715,9.087464571428573,1,C06,1,1,1,T
1,1,1,1,1,1,7241.666142857142,0,15.411080000000002,12.12352142857143,8.951267571428572,1,D06,1,1,1,T
1,1,1,1,1,1,3258.697,0,12.24993,7.616261857142857,15.063635714285711,1,E06,1,1,1,T
1,1,1,1,1,1,3012.5517142857143,0,13.89913,7.060559142857143,10.029029571428572,1,F06,1,1,1,T
1,1,1,1,1,1,6664.613857142857,0,10.80649,8.145642,8.199128,1,G06,1,1,1,T
0,1,1,1,0,1,5477.945,0,9.531539,20.07901525,21.1421625,0,H06,0,0,1,F
0,1,1,1,0,0,1662.141142857143,0,15.28114,39.52832714285714,2.271420571428572,0,I06,0,0,1,F
1,1,1,1,1,1,2467.1492857142857,0,14.27899,5.085581,14.615004285714283,1,J06,1,1,1,T
0,1,1,1,0,0,4688.496714285714,0,9.150987,,,0,K06,0,0,1,F
0,0,0,1,0,0,193.33737142857143,7,12.2926,113.9791,69.68416571428571,0,L06,0,0,1,F
0,1,1,1,0,0,26783.664285714287,0,11.69586,,,0,M06,0,0,1,F
0,1,1,1,1,1,4059.609428571429,0,13.76935,11.460721428571429,24.663241428571425,1,N06,0,1,0,F
1,1,1,1,1,1,925.0829285714284,0,17.023690000000002,7.144564,23.99920714285714,1,O06,1,1,1,T
0,1,1,1,1,1,1805.1354285714283,0,18.62863,12.134752857142855,44.89958857142858,1,P06,0,0,1,F
1,1,1,1,1,1,6140.182714285714,0,15.35344,6.625107428571428,14.86518,1,A07,1,1,1,T
1,1,1,1,1,1,5194.1107142857145,0,16.627940000000002,11.48563,12.42975142857143,1,B07,1,1,1,T
1,1,1,1,1,1,6239.242,0,10.40268,6.6571424285714285,13.39121,1,C07,1,1,1,T
1,1,1,1,1,1,3149.534142857143,0,10.60538,9.205174714285716,22.553751428571424,1,D07,1,1,1,T
0,1,1,1,0,0,532.0739142857143,1,17.20117,,,0,E07,0,0,1,F
0,0,0,1,0,0,2.9543515714285715,7,31.32801,,,0,F07,0,0,1,F
0,1,1,1,1,0,9160.719714285717,0,12.20086,1.1234927142857143,4.362475857142858,0,G07,0,0,1,F
0,0,0,1,1,1,193.7470857142857,7,15.07173,4.130870285714286,4.517406142857143,0,H07,0,0,1,F
1,1,1,1,1,1,2161.609428571429,0,12.364,5.708113571428572,18.04126857142857,1,I07,1,1,1,T
0,0,0,1,0,0,88.26266142857143,7,15.77949,54.39400285714286,98.26791428571428,0,J07,0,0,1,F
1,1,1,1,1,1,3378.102142857143,0,12.42752,9.043552857142856,14.89353714285714,1,K07,1,1,1,T
1,1,1,1,1,1,799.0164571428572,0,22.83805,8.821885,30.92208285714285,1,L07,1,1,1,T
1,1,1,1,1,1,3800.457857142857,0,13.8471,5.775336857142857,37.53776285714285,1,M07,1,1,1,T
0,0,0,1,0,1,270.5169142857143,7,9.328763,143.1040142857143,18.516927142857146,0,N07,0,0,1,F
1,1,1,1,1,1,1019.6468285714284,0,16.95763,10.866961428571429,5.268177857142857,1,O07,1,1,1,T
1,1,1,1,1,1,2248.365714285714,0,13.65431,8.344887571428572,10.681104285714284,1,P07,1,1,1,T
1,1,1,1,1,1,11886.208571428571,0,12.57448,9.113709428571427,15.013334285714285,1,A08,1,1,1,T
0,1,1,1,0,0,6721.576142857142,0,13.87985,,,0,B08,0,0,1,F
0,1,1,1,1,1,4239.890857142857,0,13.99729,10.814034285714284,12.17712285714286,1,C08,0,0,1,F
1,1,1,1,1,1,1762.1265714285714,0,17.14079,5.578086,9.467194571428571,1,D08,1,1,1,T
0,1,1,1,1,1,4117.814857142857,0,12.19548,4.906022142857143,14.510051428571428,1,E08,0,0,1,F
0,0,0,1,0,0,2.938188714285714,7,22.45557,,,0,F08,0,0,1,F
1,1,1,1,1,1,3884.998857142857,0,13.8345,5.339106,11.592342857142857,1,G08,1,1,1,T
1,1,1,1,1,1,1289.468,0,17.449080000000002,2.930195857142857,13.82882285714286,1,H08,1,1,1,T
0,1,1,1,0,0,4443.466285714286,0,12.12626,,,0,I08,0,0,1,F
1,1,1,1,1,1,4036.701714285714,0,13.70724,4.568756142857143,18.418814285714284,1,J08,1,1,1,T
1,1,1,1,1,1,3327.698857142857,0,13.78608,10.196328571428571,12.563978571428573,1,K08,1,1,1,T
1,1,1,1,1,1,4021.598857142857,0,18.19368,6.071398571428571,17.475859999999997,1,L08,1,1,1,T
0,1,1,1,0,0,25427.83857142857,0,10.72245,,,0,M08,0,0,1,F
0,1,1,1,1,0,16652.431142857142,0,10.62269,1.0,1.3717105714285716,0,N08,0,0,1,F
1,1,1,1,1,1,5446.434714285714,0,12.51036,9.231597429,36.64671428571429,1,O08,1,1,1,T
0,1,1,1,1,1,6696.465714285714,0,13.70268,3.9317764285714287,6.303662142857143,1,P08,0,0,1,F
0,1,1,1,1,0,28443.47642857143,0,10.80867,1.0,2.0509111428571427,0,A09,0,0,1,F
0,0,0,1,1,1,495.34524285714286,4,12.52278,12.846982857142857,8.605309714285715,0,B09,0,0,1,F
1,1,1,1,1,1,1652.4441428571429,0,13.55462,15.787381428571427,8.511660142857144,1,C09,1,1,1,T
0,1,1,1,1,1,4142.3132857142855,0,13.6411,6.1048922857142855,21.34367571428572,1,D09,0,0,1,F
1,1,1,1,0,1,5709.0788571428575,0,12.31542,20.54192571428572,7.677150571428572,0,E09,0,0,1,F
1,1,1,1,1,1,2007.2797142857144,0,13.91132,5.398440285714285,15.834942857142856,1,F09,1,1,1,T
1,1,1,1,1,1,1091.1540285714286,0,14.948759999999998,1.0,5.902878142857142,1,G09,1,1,1,T
0,1,1,1,0,0,1889.617571428572,0,12.08184,,,0,H09,0,0,1,F
1,1,1,1,1,1,6800.946285714286,0,18.17852,5.287025285714286,18.259055714285715,1,I09,1,1,1,T
1,1,1,1,1,1,7885.286714285714,0,10.84776,9.918718285714286,14.677414285714285,1,J09,1,1,1,T
1,1,1,1,1,1,890.7859,0,15.251729999999998,7.678903571428572,6.359805714285713,1,K09,1,1,1,T
0,1,1,1,0,0,11249.290714285717,0,13.99575,,,0,L09,0,0,1,F
0,1,1,1,1,1,3860.861142857143,0,12.1835,13.65683857142857,10.060024,1,M09,0,0,1,F
1,1,1,1,1,1,6169.778857142857,0,17.143990000000002,7.077447571428571,10.79364,1,N09,1,1,1,T
1,1,1,1,1,1,2177.285714285714,0,17.19586,6.274170571428572,13.11761142857143,1,O09,1,1,1,T
0,1,1,1,1,0,3203.54,0,13.67706,2.0774704285714285,4.100047714285714,0,P09,0,0,1,F
0,1,1,1,0,0,1187.5957142857144,0,12.21787,,,0,A10,0,0,1,F
0,0,0,1,0,0,117.98737142857144,7,13.63141,82.90542142857143,83.33401142857143,0,B10,0,0,1,F
1,1,1,1,1,1,18305.39371428572,0,13.46673,6.304827,9.961238571,1,C10,1,1,1,T
0,1,1,1,0,0,584.6823714285715,0,17.27699,,,0,D10,0,0,1,F
0,1,1,1,0,0,3108.314857142857,0,12.07972,,,0,E10,0,0,1,F
1,1,1,1,1,1,3651.946428571429,0,16.60361,4.925942428571428,16.84558857142857,1,F10,1,1,1,T
0,0,0,1,0,0,270.9961714285714,7,15.62666,,,0,G10,0,0,1,F
0,1,1,1,0,0,1797.3232857142857,0,15.1838,89.37718714285715,2.3457084285714283,0,H10,0,0,1,F
1,1,1,1,1,1,2524.241571428571,0,13.81697,13.052302857142855,6.532774571428571,1,I10,1,1,1,T
0,1,1,1,0,0,3787.643428571429,0,9.424857,35.843048571428575,3.3421198571428565,0,J10,0,0,1,F
1,1,1,1,1,1,696.8145714285714,0,12.35289,3.960523,18.17507285714285,1,K10,1,1,1,T
0,1,1,1,0,0,5374.667857142857,0,16.92626,31.65592428571429,3.147916285714286,0,L10,0,0,1,F
1,1,1,1,1,1,3729.151,0,13.97132,6.802583428571428,18.479277142857143,1,M10,1,1,1,T
1,1,1,1,1,1,2441.258142857143,0,13.90049,10.394375714285715,16.434965714285717,1,N10,1,1,1,T
1,1,1,1,1,1,4480.449571428571,0,10.72598,7.410603285714285,14.668368571428571,1,O10,1,1,1,T
1,1,1,1,1,1,2677.314,0,14.06485,6.365446142857143,13.613545714285715,1,P10,1,1,1,T
0,1,1,1,0,0,909.3505857142858,0,11.96361,,,0,A11,0,0,1,F
1,1,1,1,1,1,1677.9455714285714,0,10.95453,4.410517428571429,19.394132857142857,1,B11,1,1,1,T
0,0,0,1,0,0,2.603237285714286,7,32.163360000000004,,,0,C11,0,0,1,F
0,1,1,1,1,1,1237.5194285714283,0,13.76972,10.159397714285715,7.112473285714286,1,D11,0,0,1,F
1,1,1,1,1,1,5879.918857142858,0,23.08953,4.053668857142857,9.267763285714286,1,E11,1,1,1,T
1,1,1,1,1,1,4779.436428571428,0,14.85139,12.939837142857144,8.193509571428573,1,F11,1,1,1,T
0,1,1,1,0,1,3312.395142857143,0,13.79301,23.81441142857143,8.872814428571429,0,G11,0,0,1,F
0,1,1,1,0,0,24047.65571428572,0,10.97646,,,0,H11,0,0,1,F
1,1,1,1,1,1,3498.6167142857144,0,13.68021,5.788303571428572,11.688198571428572,1,I11,1,1,1,T
1,1,1,1,1,1,2326.347285714286,0,16.752399999999998,5.137409285714285,19.526110000000003,1,J11,1,1,1,T
0,0,0,1,0,1,190.4607285714285,7,12.289,58.60169571428572,8.970044,0,K11,0,0,1,F
1,1,1,1,1,1,3506.4404285714286,0,18.49591,5.869693857142857,12.975704285714288,1,L11,1,1,1,T
0,1,1,1,0,0,18597.44142857143,0,11.6667,,,0,M11,0,0,1,F
1,1,1,1,1,1,3447.815571428572,0,16.63672,15.850244285714286,7.528683142857145,1,N11,1,1,1,T
1,1,1,1,1,1,3600.838714285714,0,11.19739,6.227522857142858,12.178221428571428,1,O11,1,1,1,T
1,1,1,1,1,1,5023.543,0,13.91284,5.664021857142857,15.264274285714286,1,P11,1,1,1,T
1,1,1,1,1,1,5043.272571428572,0,12.07002,5.417984857142858,20.131571428571423,1,A12,1,1,1,T
1,1,1,1,1,1,4088.1657142857134,0,15.36334,6.976761,17.945838571428574,1,B12,1,1,1,T
1,1,0,1,1,1,515.2320857142857,3,18.30384,12.381605714285715,6.7847,0,C12,0,1,0,F
1,1,1,1,1,1,2099.250142857143,0,11.07893,10.308993571428571,5.630426285714286,1,D12,1,1,1,T
1,1,1,1,1,1,3785.283857142857,0,16.86231,11.557734285714286,13.252688571428571,1,E12,1,1,1,T
1,1,1,1,1,1,3908.709857142857,0,16.83983,8.484605,11.17085857142857,1,F12,1,1,1,T
1,1,1,1,1,1,3221.384428571429,0,12.3754,4.838735571428572,11.593257142857146,1,G12,1,1,1,T
1,1,1,1,1,1,8298.814714285714,0,14.07912,5.019825,11.703335714285714,1,H12,1,1,1,T
0,1,1,1,1,1,1903.6927142857144,0,13.76913,8.841806857142856,35.37309571428572,1,I12,0,0,1,F
0,1,1,1,0,1,6123.753,0,17.0987,24.299994285714288,6.125603714285715,0,J12,0,0,1,F
1,1,1,1,1,1,4419.392857142858,0,14.813000000000002,8.383940142857142,11.502701428571427,1,K12,1,1,1,T
0,0,0,1,0,0,399.4072285714286,7,18.04752,,,0,L12,0,0,1,F
0,1,1,1,0,1,4652.2814285714285,0,10.74944,28.07543714285714,9.816433285714284,0,M12,0,0,1,F
1,1,1,1,1,1,4391.648714285714,0,13.79278,6.6755388571428576,13.824357142857142,1,N12,1,1,1,T
0,1,1,1,1,1,1350.5564285714286,0,15.59779,14.66119857142857,28.491774285714285,1,O12,0,0,1,F
0,0,0,1,0,0,253.7206857142857,7,12.1624,,,0,P12,0,0,1,F
1,1,1,1,1,1,2148.986142857143,0,25.00774,3.038791571428572,11.361895714285716,1,A13,1,1,1,T
1,1,1,1,1,1,4007.503142857143,0,13.37732,5.032298,20.122554285714283,1,B13,1,1,1,T
0,1,1,1,0,0,1736.1361428571429,0,10.96979,,,0,C13,0,0,1,F
1,1,1,1,1,1,1969.7397142857144,0,15.17097,3.0118101428571427,6.536659571428571,1,D13,1,1,1,T
1,1,1,1,1,1,2549.3441428571427,0,12.64237,5.326771571428572,11.904031428571429,1,E13,1,1,1,T
1,1,1,1,1,1,2464.634857142857,0,13.80875,4.332705714285715,6.315391142857143,1,F13,1,1,1,T
0,1,0,1,0,0,500.08902857142857,3,10.60261,,,0,G13,0,0,1,F
1,1,1,1,1,1,1649.6465714285714,0,10.72326,7.271511857142857,8.165124142857142,1,H13,1,1,1,T
0,1,1,1,0,0,5667.225571428572,0,15.682989999999998,38.03324714285714,3.269332571428572,0,I13,0,0,1,F
1,1,1,1,1,1,6334.642857142858,0,12.55813,5.079804428571428,18.769411428571427,1,J13,1,1,1,T
1,1,1,1,1,1,862.6383714285714,0,18.69298,11.90717857142857,9.944140571428573,1,K13,1,1,1,T
1,1,1,1,1,1,4800.793857142858,0,15.2132,15.18773,7.409479000000002,1,L13,1,1,1,T
1,1,1,1,1,1,2097.061857142857,0,15.32093,16.209578571428573,13.691959999999998,1,M13,1,1,1,T
1,1,1,1,1,1,1639.4757142857145,0,18.23324,5.113177428571428,14.580237142857149,1,N13,1,1,1,T
0,1,1,1,0,0,18512.827142857142,0,9.229699,35.42543571428572,2.946958285714286,0,O13,0,0,1,F
0,0,0,1,0,1,131.93747142857143,7,15.04447,43.31450142857143,12.343357142857142,0,P13,0,0,1,F
1,1,1,1,1,1,3656.350142857143,0,18.51956,2.482414857142857,15.460414285714284,1,A14,1,1,1,T
0,1,1,1,0,0,8718.618428571428,0,12.1626,,,0,B14,0,0,1,F
1,1,1,1,1,1,6002.644428571428,0,10.47684,6.503949142857143,13.415239999999995,1,C14,1,1,1,T
1,1,1,1,1,1,2747.139142857143,0,12.17428,4.462459714285715,45.95532857142857,1,D14,1,1,1,T
0,1,1,1,0,1,2790.003857142857,0,13.89829,20.4984,10.913312857142856,0,E14,0,0,1,F
1,1,1,1,1,1,4368.4872857142855,0,10.58813,2.508747285714286,8.300898,1,F14,1,1,1,T
0,0,0,1,0,0,113.09594285714284,7,19.57806,,,0,G14,0,0,1,F
0,1,1,1,0,0,510.0668142857143,1,12.37007,,,0,H14,0,0,1,F
0,0,0,1,1,1,450.0094714285714,7,15.63131,15.002367142857144,5.528722857142857,0,I14,0,0,1,F
0,1,1,1,1,1,8128.170142857142,0,14.13376,7.827811,12.74702,1,J14,0,0,1,F
0,1,1,1,0,0,2991.543,0,15.286499999999998,33.87411,3.846816571428572,0,K14,0,0,1,F
0,0,0,1,0,0,2.734744142857142,7,26.95862,,,0,L14,0,0,1,F
0,1,1,1,0,0,3665.8204285714287,0,10.725,,,0,M14,0,0,1,F
1,1,1,1,1,1,2910.1014285714286,0,21.83222,5.3952608571428575,20.65284714285714,1,N14,1,1,1,T
0,1,1,1,0,0,11738.163571428571,0,13.99215,,,0,O14,0,0,1,F
0,1,1,1,1,1,3939.2885714285712,0,12.09853,12.718181428571429,8.852881142857143,1,P14,0,1,0,F
1,1,1,1,1,1,9400.983,0,14.05052,6.610755428571428,17.03088,1,A15,1,1,1,T
1,1,1,1,1,1,5430.441428571428,0,18.4041,3.593861857142857,12.90895,1,B15,1,1,1,T
0,1,1,1,1,0,7046.488142857143,0,11.31327,1.0,3.948579857142856,0,C15,0,0,1,F
1,1,1,1,1,1,2381.999857142857,0,15.88501,1.0878475714285714,7.573150857142857,1,D15,1,1,1,T
1,1,1,1,1,1,4661.010428571429,0,12.30794,7.547363428571428,7.947987714285715,1,E15,1,1,1,T
1,1,1,1,1,1,3827.698857142857,0,12.23335,3.903559142857143,11.314888571428572,1,F15,1,1,1,T
1,1,1,1,1,1,1411.5214285714285,0,10.61911,1.3272035714285713,6.128773571428571,1,G15,1,1,1,T
1,1,1,1,1,0,1540.448,0,17.85814,1.0,2.672986714285714,0,H15,0,0,1,F
1,1,1,1,1,1,1954.4617142857144,0,15.2114,10.438912857142856,12.568442857142855,1,I15,1,1,1,T
0,1,1,1,0,0,8128.253142857143,0,12.15367,,,0,J15,0,0,1,F
1,1,1,1,1,1,3968.9502857142857,0,14.913159999999998,9.217399142857143,11.241022857142855,1,K15,1,1,1,T
1,1,1,1,1,1,1703.8367142857144,0,14.76142,7.441632,10.373114285714284,1,L15,1,1,1,T
0,1,1,1,1,0,8167.231,0,13.77054,1.0,1.936724857142857,0,M15,0,0,1,F
1,1,1,1,1,1,4217.197857142857,0,18.35072,4.213037,13.179871428571428,1,N15,1,1,1,T
1,1,1,1,1,1,2545.483857142857,0,15.45593,3.332735714285714,7.439343571428572,1,O15,1,1,1,T
1,1,1,1,1,1,2315.388857142857,0,15.29177,5.305178571428572,32.10128999999999,1,P15,1,1,1,T
1,1,1,1,1,1,3671.614,0,13.79241,3.964963142857143,18.10703,1,A16,1,1,1,T
0,1,1,1,1,0,5054.940857142858,0,12.50195,1.0,3.066355571428572,0,B16,0,0,1,F
1,1,1,1,1,1,2430.265571428571,0,17.70993,4.935935714285715,17.145280000000003,1,C16,1,1,1,T
1,1,1,1,1,1,9618.759571428573,0,10.91545,4.7374662857142855,11.267628571428572,1,D16,1,1,1,T
1,1,1,1,1,1,1903.912142857143,0,18.33441,8.638621,8.933653428571429,1,E16,1,1,1,T
1,1,1,1,1,1,7204.960857142858,0,11.08524,10.826464285714286,8.630703,1,F16,1,1,1,T
0,1,1,1,1,1,5657.219714285714,0,14.08409,17.33126857142857,13.563295714285712,1,G16,0,1,0,F
0,1,1,1,0,0,12927.942857142856,0,12.2986,,,0,H16,0,0,1,F
1,1,1,1,1,1,3912.994714285714,0,17.09805,14.828285714285714,4.670859,1,I16,1,1,1,T
0,1,1,1,0,0,6346.857285714286,0,10.61951,36.96690571428572,3.5727322857142854,0,J16,0,0,1,F
1,1,1,1,1,1,15557.562857142855,0,10.80643,6.059721857142858,9.033568142857142,1,K16,1,1,1,T
1,1,1,1,1,1,4447.985285714286,0,13.7594,4.722605857142857,13.735938571428573,1,L16,1,1,1,T
1,1,1,1,1,1,6050.179142857142,0,15.30919,5.8153244285714285,32.16873999999999,1,M16,1,1,1,T
1,1,1,1,1,1,2517.396142857143,0,19.03877,4.569652142857143,19.130074285714283,1,N16,1,1,1,T
0,1,1,1,1,1,2779.257857142857,0,10.57527,8.367787428571429,18.031222857142858,1,O16,0,1,0,F
1,1,1,1,1,1,3272.7052857142858,0,12.57623,4.490062142857143,25.552578571428576,1,P16,1,1,1,T
1,1,1,1,1,1,3568.96,0,16.84829,9.258795714285714,12.677394285714286,1,A17,1,1,1,T
0,1,1,1,0,1,8398.015714285713,0,10.67839,23.31695571428571,7.437104571428571,0,B17,0,0,1,F
1,1,1,1,1,1,3243.9455714285714,0,12.35323,10.637701428571429,17.517041428571428,1,C17,1,1,1,T
1,1,1,1,1,1,3981.4537142857134,0,18.02115,6.938455857142857,23.105141428571432,1,D17,1,1,1,T
1,1,1,1,1,1,2130.659142857143,0,11.22576,11.167165714285714,7.637598142857142,1,E17,1,1,1,T
1,1,1,1,1,1,2139.1817142857144,0,12.196129999999998,4.970376285714285,19.24518142857143,1,F17,1,1,1,T
1,1,1,1,1,1,6055.469714285714,0,15.38617,11.196035714285715,13.413535714285716,1,G17,1,1,1,T
0,0,0,1,0,1,120.08402857142856,7,19.71445,74.36075,26.99445,0,H17,0,0,1,F
0,1,1,1,0,1,2125.847142857143,0,16.816689999999998,24.37785428571429,4.731671285714286,0,I17,0,0,1,F
0,1,1,1,1,1,2690.340571428572,0,13.62043,16.194568571428572,15.616711428571428,1,J17,0,0,1,F
1,1,1,1,1,1,3052.551857142857,0,11.91906,8.827054429,10.904642857142855,1,K17,1,1,1,T
1,1,1,1,1,1,965.0355142857144,0,15.25566,13.637884285714286,5.388041857142857,1,L17,1,1,1,T
0,0,0,1,0,0,311.7506285714286,7,21.62781,,,0,M17,0,0,1,F
1,1,1,1,1,1,1183.6982857142857,0,13.64278,5.319009142857142,17.046538571428574,1,N17,1,1,1,T
0,1,1,1,0,0,10450.064714285714,0,9.168637,49.42970428571429,3.6889945714285712,0,O17,0,0,1,F
1,1,1,1,1,1,4961.933142857142,0,15.15905,8.138820714285714,15.984231428571428,1,P17,1,1,1,T
0,1,1,1,1,0,2829.358714285714,0,10.82475,13.841794285714286,3.773320571428571,0,A18,0,0,1,F
1,1,1,1,1,1,2447.9972857142857,0,13.83472,5.2997122857142855,14.098081428571428,1,B18,1,1,1,T
1,1,1,1,1,1,3940.218714285714,0,11.90199,6.469233714285714,11.957534285714289,1,C18,1,1,1,T
1,1,1,1,1,1,3082.2138571428573,0,13.75162,4.716456571428572,20.53586714285715,1,D18,1,1,1,T
0,0,0,1,0,0,262.9402428571429,7,12.53801,,,0,E18,0,0,1,F
1,1,1,1,1,1,2550.5877142857144,0,23.50045,7.186081571428572,12.5277,1,F18,1,1,1,T
1,1,1,1,0,1,1553.431142857143,0,12.57323,20.56546285714285,4.854426142857143,0,G18,0,1,0,F
1,1,1,1,1,1,2178.32,0,12.04241,8.240664857142857,13.026717142857144,1,H18,1,1,1,T
1,1,1,1,1,1,3590.724,0,16.299409999999998,8.468198714285714,17.386511428571428,1,I18,1,1,1,T
1,1,1,1,1,1,4234.233428571429,0,18.43081,7.307475571428572,8.584968428571427,1,J18,1,1,1,T
0,1,1,1,0,0,2528.159857142857,0,15.45416,36.23226857142858,4.223249571428571,0,K18,0,0,1,F
0,1,1,1,0,1,2004.059142857143,0,13.99805,32.045118571428574,4.566201857142858,0,L18,0,0,1,F
0,1,1,1,0,0,17529.37857142857,0,10.53297,23.82978428571429,4.035736714285714,0,M18,0,0,1,F
1,1,1,1,1,1,1061.3694428571428,0,15.0925,13.60102,6.098368285714285,1,N18,1,1,1,T
0,1,1,1,0,0,15031.414285714283,0,16.37125,,,0,O18,0,0,1,F
1,1,1,1,1,1,3852.034285714286,0,15.352610000000002,4.977741,18.36133857142857,1,P18,1,1,1,T
0,0,0,1,0,1,72.84710285714286,7,21.64231,27.10553857142857,15.99417142857143,0,A19,0,0,1,F
1,1,1,1,1,1,2538.121714285714,0,12.62507,5.690616142857143,14.609204285714284,1,B19,1,1,1,T
1,1,1,1,1,1,4844.042571428572,0,13.67325,5.245829285714286,15.955467142857142,1,C19,1,1,1,T
1,1,1,1,1,1,2005.9215714285715,0,12.11649,8.362511,10.754758571428573,1,D19,1,1,1,T
1,1,1,1,1,1,5618.018714285714,0,13.4742,4.360819,16.85844,1,E19,1,1,1,T
0,1,1,1,0,0,8258.031571428572,0,13.5155,54.74938571428572,2.218534714285714,0,F19,0,0,1,F
1,1,1,1,1,1,1542.877857142857,0,12.42051,6.223607,11.367241428571427,1,G19,1,0,0,T
0,1,1,1,0,1,19604.35,0,9.041404,93.50985857142857,12.15957142857143,0,H19,0,0,1,F
1,1,1,1,1,1,6214.660428571428,0,14.06275,9.197628714285717,8.710349285714287,1,I19,1,1,1,T
1,1,1,1,1,1,3278.2472857142857,0,14.68416,4.246764,17.795429999999996,1,J19,1,0,0,T
1,1,1,1,1,1,2979.565714285714,0,11.79962,5.563822571428572,13.940655714285713,1,K19,1,1,1,T
1,1,1,1,1,1,6683.319428571428,0,13.82595,6.900823714285715,9.333409142857144,1,L19,1,1,1,T
0,0,0,1,0,0,348.2028285714286,7,11.95189,,,0,M19,0,0,1,F
0,1,1,1,1,0,3488.3551428571427,0,12.06347,1.0,3.271577571428572,0,N19,0,0,1,F
1,1,1,1,1,1,2234.985142857143,0,14.15579,10.191034714285715,13.737544285714286,1,O19,1,1,1,T
0,0,0,1,0,0,285.2903857142857,7,21.10457,,,0,P19,0,0,1,F
0,1,1,1,0,0,4104.655285714286,0,12.25853,24.082014285714287,4.155341,0,A20,0,0,1,F
1,1,1,1,1,1,3768.355285714286,0,14.05284,6.425701142857143,13.66437714285714,1,B20,1,1,1,T
0,1,1,1,0,0,8337.558428571429,0,9.20703,,,0,C20,0,0,1,F
1,1,1,1,1,1,2703.802714285714,0,10.76804,4.709022285714285,37.16069285714286,1,D20,1,1,1,T
1,1,1,1,1,1,5995.039,0,15.459469999999998,4.8768074285714285,14.623954285714284,1,E20,1,1,1,T
0,1,1,1,0,0,15869.866285714284,0,12.28441,,,0,F20,0,0,1,F
1,1,1,1,1,1,2863.137857142857,0,13.9161,5.67404,10.789704285714286,1,G20,1,1,1,T
1,1,1,1,1,1,5720.671428571428,0,15.56483,5.435313142857143,18.207488571428573,1,H20,1,1,1,T
1,1,1,1,1,1,2971.998285714286,0,14.11602,19.55934142857143,6.6680464285714285,1,I20,1,1,1,T
1,1,1,1,1,1,734.4664142857142,0,18.23451,5.0143574285714285,11.57302,1,J20,1,1,1,T
1,1,1,1,1,1,2087.2072857142857,0,13.79182,2.1741661428571426,11.40951285714286,1,K20,1,1,1,T
0,1,1,1,1,0,7273.665,0,12.52811,1.0,2.992619571428572,0,L20,0,0,1,F
0,1,1,1,1,0,2950.95,0,12.14658,1.0,4.082331714285714,0,M20,0,0,1,F
0,1,1,1,1,0,6800.739571428571,0,10.96555,1.0,3.0022245,0,N20,0,0,1,F
0,1,1,1,0,0,12069.611428571428,0,17.18346,,,0,O20,0,0,1,F
1,1,1,1,1,1,1554.5107142857144,0,15.199660000000002,5.191580285714285,15.373937142857145,1,P20,1,1,1,T
1,1,1,1,1,1,3395.242142857143,0,19.9771,13.868564285714283,16.802185714285713,1,A21,1,1,1,T
1,1,1,1,1,1,2537.183857142857,0,12.40496,4.515552285714286,31.46703285714285,1,B21,1,1,1,T
0,0,0,1,0,0,64.36803285714286,7,27.03616,47.16403571428572,141.74130000000002,0,C21,0,0,1,F
0,0,0,1,0,1,372.9952,7,13.85379,137.54,32.3746,0,D21,0,0,1,F
1,1,1,1,1,1,2179.874142857143,0,13.84117,7.315275571428572,5.862958857142857,1,E21,1,1,1,T
0,1,1,1,0,1,4796.569714285714,0,14.83656,28.19724857142857,5.102208428571428,0,F21,0,0,1,F
0,1,1,1,0,1,3621.241428571429,0,23.68584,20.83103142857143,18.315674285714287,0,G21,0,0,1,F
0,1,1,1,1,1,1275.0337142857145,0,15.137200000000002,7.642641285714285,9.633352857142857,1,H21,0,0,1,F
1,1,1,1,1,1,2146.8522857142857,0,12.3856,13.53921857142857,12.659418571428567,1,I21,1,1,1,T
1,1,1,1,1,1,1793.9522857142856,0,13.92331,4.748678714285715,39.813857142857145,1,J21,1,1,1,T
1,1,1,1,1,1,2278.029285714286,0,12.15804,1.0,5.462503857142857,1,K21,1,1,1,T
1,1,1,1,1,1,5296.235,0,10.63384,3.207888714285714,11.582359999999998,1,L21,1,1,1,T
1,1,1,1,1,1,4281.401428571428,0,14.04025,4.297324,15.894619999999998,1,M21,1,0,0,T
1,1,1,1,1,1,2139.7364285714284,0,15.23845,1.3905312857142855,7.7338065714285715,1,N21,1,1,1,T
1,1,1,1,1,1,2101.9554285714285,0,21.39256,1.0,6.8786567142857145,1,O21,1,1,1,T
1,1,1,1,1,1,1909.537857142857,0,18.56988,2.8952755714285714,13.439422857142857,1,P21,1,1,1,T
0,0,0,1,0,0,256.4086857142857,7,21.48679,75.92422,4.106382714285714,0,A22,0,0,1,F
1,1,1,1,1,1,5075.769857142857,0,15.260180000000002,11.583354285714286,5.162961428571428,1,B22,1,0,0,T
1,1,1,1,1,1,2698.917571428571,0,13.85913,6.906953285714286,14.898892857142854,1,C22,1,1,1,T
0,0,0,1,0,0,363.0380428571429,7,13.73845,,,0,D22,0,0,1,F
1,1,1,1,1,1,5021.222714285715,0,10.56981,11.371165714285716,9.333307428571429,1,E22,1,1,1,T
1,1,1,1,1,1,2782.5662857142856,0,18.5634,4.4528862857142855,26.69614,1,F22,1,1,1,T
0,1,1,1,0,0,578.6295428571428,0,12.30513,,,0,G22,0,0,1,F
0,1,1,1,0,0,14415.31,0,15.30266,26.89238142857143,4.380050285714285,0,H22,0,0,1,F
0,1,1,1,1,0,6067.370714285714,0,11.05567,1.0,2.293342857142857,0,I22,0,0,1,F
1,1,1,1,1,1,4561.861285714286,0,10.69127,5.589934142857143,12.04653,1,J22,1,1,1,T
1,1,1,1,1,1,2380.438857142857,0,13.79025,14.098822857142856,15.244195714285716,1,K22,1,1,1,T
1,1,1,1,1,1,5224.356285714286,0,10.63048,10.81392,14.361892857142855,1,L22,1,1,1,T
0,1,1,1,0,0,6163.2814285714285,0,12.24094,,,0,M22,0,0,1,F
0,1,1,1,0,0,9250.444428571427,0,18.66909,,,0,N22,0,0,1,F
1,1,1,1,1,1,1740.9541428571429,0,15.18038,6.787061571428572,10.79649,1,O22,1,1,1,T
0,1,1,1,1,1,3556.189714285714,0,15.19209,7.798757857142857,37.65604428571429,1,P22,0,1,0,F
0,0,0,1,0,1,124.27117142857144,7,15.68204,52.804764285714285,13.58476857142857,0,A23,0,0,1,F
0,0,0,1,0,1,156.9788,7,13.70901,73.364362,8.977703,0,B23,0,0,1,F
1,1,1,1,1,1,4553.729142857143,0,17.44644,9.179665428571427,12.887621428571432,1,C23,1,1,1,T
1,1,1,1,1,1,1629.0935714285715,0,13.68512,7.177503142857143,9.285224714285714,1,D23,1,1,1,T
0,1,1,1,0,0,5536.260571428572,0,12.4144,61.972002,3.2783916000000004,0,E23,0,0,1,F
0,0,0,1,0,0,63.783992857142856,7,16.49188,50.09432571428572,190.2790285714286,0,F23,0,0,1,F
0,1,1,1,1,0,11748.78,0,11.14066,19.92703428571429,3.3883885714285715,0,G23,0,0,1,F
1,1,1,1,1,1,1564.9182857142855,0,15.05813,8.573277285714285,9.237831571428572,1,H23,1,1,1,T
1,1,1,1,1,1,5388.825857142858,0,12.21682,5.466162142857143,11.378927142857142,1,I23,1,1,1,T
1,1,1,1,1,1,4162.976857142857,0,10.44597,11.17001,5.221360714285715,1,J23,1,1,1,T
0,0,0,1,0,1,168.46102857142856,7,16.72456,102.74934571428572,34.881078571428574,0,K23,0,0,1,F
1,1,1,1,1,1,3331.52,0,13.60693,7.361425285714286,20.57742857142857,1,L23,1,1,1,T
1,1,1,1,1,1,8462.372285714286,0,13.83007,5.637084,20.470771428571425,1,M23,1,1,1,T
1,1,1,1,1,1,3584.729,0,12.13203,6.110659142857143,16.311722857142854,1,N23,1,1,1,T
1,1,1,1,1,1,5447.908142857143,0,10.69784,8.921902428571428,12.256192857142857,1,O23,1,1,1,T
1,1,1,1,1,1,1489.3785714285714,0,13.95284,7.033933,10.192677142857145,1,P23,1,1,1,T
0,0,0,1,0,0,381.2407571428572,7,15.18542,46.38856857142857,3.236142857142857,0,A24,0,0,1,F
1,1,1,1,1,1,4249.630571428571,0,17.044340000000002,3.997072714285714,24.94951,1,B24,1,1,1,T
1,1,1,1,1,1,3020.616428571429,0,12.1332,7.007529285714285,10.068914285714284,1,C24,1,0,0,T
1,1,1,1,1,1,2733.254571428571,0,15.38484,10.736298571428572,6.668670428571429,1,D24,1,1,1,T
1,1,1,1,1,1,5762.152142857142,0,10.80455,7.259113714285714,13.06646714285714,1,E24,1,1,1,T
0,1,1,1,0,1,3987.894571428571,0,14.69603,23.19297857142857,6.720064142857143,0,F24,0,0,1,F
0,0,0,1,0,1,90.41850142857145,7,17.09861,53.02090285714286,15.42678,0,G24,0,0,1,F
1,1,1,1,1,1,2774.855428571429,0,13.53772,4.647246285714285,13.051425714285717,1,H24,1,1,1,T
0,1,1,1,0,0,3028.115285714286,0,12.54862,23.429142857142857,3.297088571428572,0,I24,0,0,1,F
1,1,1,1,1,0,4981.300857142857,0,12.19194,16.284712857142857,4.024643,0,J24,0,1,0,F
1,1,1,1,1,1,3333.6631428571427,0,13.699,9.769564,19.44813571428572,1,K24,1,1,1,T
1,1,1,1,1,1,1153.498142857143,0,16.98301,7.361464,10.930867142857142,1,L24,1,1,1,T
0,1,1,1,0,0,9269.539285714283,0,10.5987,41.89337714285714,3.072958,0,M24,0,0,1,F
1,1,1,1,1,1,1970.5954285714288,0,17.30612,7.744236285714285,9.749497714285717,1,N24,1,1,1,T
1,1,1,1,1,1,798.3045714285714,0,15.23845,5.0617781428571424,20.40452285714286,1,O24,1,1,1,T
0,1,1,1,0,1,2830.675857142857,0,15.7352,22.650277142857146,8.433666857142857,0,P24,0,0,1,F
