Well ID,Manual QC,Manual QC Value,IV Jump,Peak Current,IV Jump Value,Peak Current Value,Seal Resistance,Seal Count,Peak Current.1,Pre-pulse Leak,Leak Steady,Series Resistance,Cap,Seal Resistance Value,Seal Count Value,Peak Current Value.1,Pre-pulse Leak Value,Leak Steady Value,Series Resistance Value,Cap Value,Auto QC,Match,Valid QC
A01,0,F,1,0,0.0749999840713298,-62.77988,1,1,0,1,0,1,1,7283.743882352942,0,-62.77988,10.98648,0.1750000159286701,1.5332851176470588,6.315687411764706,0,1,F
B01,0,F,1,0,0.2666667542746106,-45.65796,1,1,0,1,1,0,1,2718.564705882353,0,-45.65796,12.17546,0.0,390.2148,5.077655,0,1,F
C01,0,F,1,0,0.0,-83.68912,0,0,0,1,0,0,0,359.3826470588235,17,-83.68912,7.748992,2.129629275585644,,,0,1,F
D01,1,T,1,1,0.0877192994405232,-440.4651,1,1,1,1,1,1,1,3753.563882352941,0,-440.4651,12.36393,0.0035087728857519,5.200933764705883,12.309554705882354,1,1,T
E01,0,F,0,0,0.8461538741090806,-137.5826,1,1,0,1,1,0,1,10526.223823529412,0,-137.5826,10.58328,0.1428571636238884,38.44978176470588,4.7838937058823525,0,1,F
F01,0,F,1,1,0.0569394476386976,-870.2782,1,1,1,1,1,1,1,4741.1925294117655,0,-870.2782,15.48538,0.0124555113525766,16.19758411764706,20.13057294117647,1,0,T
G01,0,F,1,0,0.0263157143238702,-59.53021,1,1,0,1,1,0,0,12798.13394117647,0,-59.53021,10.96609,0.0,,,0,1,F
H01,0,F,1,0,0.0526319790727167,-144.69150000000002,1,1,0,1,1,0,0,3363.2865882352944,0,-144.69150000000002,12.18454,0.0947368020927283,45.30430470588236,2.2912865294117646,0,1,F
I01,0,F,1,0,0.1136362965934701,-135.5984,1,1,0,1,1,0,0,2953.7847058823527,0,-135.5984,18.49069,0.0795454076154291,24.15495470588236,3.515953823529412,0,1,F
J01,0,F,1,1,0.0909090452809875,-796.957,1,1,1,1,1,1,1,19049.746,0,-796.957,14.17512,0.0197628479328244,4.543150764705882,11.601187647058824,1,0,T
K01,1,T,1,1,0.0440835165180443,-661.9911999999999,1,1,1,1,1,1,1,1249.3981764705882,0,-661.9911999999999,15.35943,0.0185614854094737,9.997260411764705,12.497879411764709,1,1,T
L01,1,T,1,1,0.0814815427199246,-834.6246,1,1,1,1,1,1,1,5718.170647058823,0,-834.6246,13.91041,0.0092592597917674,5.229592352941177,15.42699411764706,1,1,T
M01,0,F,1,1,0.0566801550484479,-745.7282,1,1,1,1,1,1,1,2533.000705882353,0,-745.7282,13.58614,0.0040485823118932,15.12767294117647,8.164028529411766,1,0,T
N01,1,T,1,1,0.1025000254033738,-629.8376000000001,1,1,1,1,1,1,1,2773.6981764705884,0,-629.8376000000001,18.89513,0.0249999999999999,4.612760117647059,7.388861647058824,1,1,T
O01,1,T,1,1,0.0685483789374064,-385.4663000000001,1,1,1,1,1,1,0,20883.851764705883,0,-385.4663000000001,13.9887,0.0282258137741224,1.0,2.480745117647059,0,0,F
P01,1,T,1,1,0.0858726499650462,-556.7364,1,1,1,1,1,1,1,3938.683647058824,0,-556.7364,16.964270000000003,0.0,1.0,6.721517117647059,1,1,T
A02,0,F,1,0,0.2368420742804888,-59.45599000000001,1,1,0,1,1,1,0,8688.579588235294,0,-59.45599000000001,14.08168,0.0263157841623695,1.0,1.4941715882352942,0,1,F
B02,0,F,1,0,0.3500000340862532,-29.33734,0,0,0,1,0,0,0,117.31281176470588,17,-29.33734,16.13554,3.2000000681725065,84.67905235294117,118.85655882352944,0,1,F
C02,0,F,1,1,0.0369565266876372,-702.8910000000001,1,1,1,1,1,1,1,4971.718176470588,0,-702.8910000000001,16.808259999999997,0.0021739131671909,5.613278588235295,13.894024705882355,1,0,T
D02,1,T,1,1,0.0338164221747707,-639.5304,1,1,1,1,1,1,1,4982.844823529412,0,-639.5304,15.44759,0.0024154582800129,5.972191,9.574268823529412,1,1,T
E02,1,T,1,1,0.0043668381898539,-349.8458,1,1,1,1,1,1,1,3455.880117647059,0,-349.8458,10.69398,0.0043668124642342,6.227574470588235,11.733687058823527,1,1,T
F02,0,F,0,0,0.8518518851861459,-122.2187,1,1,0,1,1,0,0,5338.852823529412,0,-122.2187,13.57985,0.0246913524689757,82.779575625,2.7287436875,0,1,F
G02,1,T,1,1,0.0702290388828441,-1021.093,1,1,1,1,1,1,1,14277.72911764706,0,-1021.093,9.353528,0.0122137454668673,7.79662411764706,9.83716194117647,1,1,T
H02,0,F,0,1,0.8312654732314635,-1217.829,1,1,1,1,1,1,1,2433.135176470588,0,-1217.829,15.10954,0.0086848646238511,17.33901294117647,16.359752352941175,0,1,F
I02,0,F,1,1,0.0062370599276455,-727.9712,1,1,1,1,1,1,1,1539.8407058823527,0,-727.9712,13.62108,0.002079002575926,8.594171294117647,10.546994117647058,1,0,T
J02,0,F,1,0,0.132812715498086,-195.7674,1,1,0,1,1,1,1,7231.038352941176,0,-195.7674,15.294330000000002,0.0546875015962821,4.186339235294118,17.526933529411764,0,1,F
K02,1,T,1,1,0.0297619191808568,-784.3513,1,1,1,1,1,1,1,2922.5284117647057,0,-784.3513,12.45002,0.0119047612976481,5.64540394117647,15.259372352941176,1,1,T
L02,0,F,1,1,0.0283505649489341,-604.1608,1,1,1,1,1,1,1,2948.224235294117,0,-604.1608,18.68538,0.0154639162289244,14.861201176470589,14.53150588235294,1,0,T
M02,1,T,1,1,0.0926828814560941,-322.5286,1,1,1,1,1,1,1,3920.5965882352943,0,-322.5286,17.306410000000003,0.0097560960485364,16.58873411764706,6.6337595294117655,1,1,T
N02,0,F,1,0,0.1494250416464987,-130.9834,1,1,0,1,1,0,0,10483.233529411764,0,-130.9834,15.05557,0.0229885161020404,,,0,1,F
O02,1,T,1,1,0.1366666550165075,-457.7906,1,1,1,1,1,1,1,2674.705294117647,0,-457.7906,13.73372,0.0233333318770634,6.203873235294117,8.235888705882353,1,1,T
P02,1,T,1,1,0.101010151937449,-910.3878,1,1,1,1,1,1,1,2710.456235294117,0,-910.3878,10.72848,0.0067340061015756,4.578905705882352,16.36960176470588,1,1,T
A03,1,T,1,1,0.027713621178667,-670.0705,1,1,1,1,1,1,1,10297.994117647058,0,-670.0705,12.38006,0.0092378757160627,3.449097117647059,13.032613529411766,1,1,T
B03,0,F,1,1,0.0474308426610498,-1124.2479999999998,1,1,1,1,1,1,1,3171.276705882353,0,-1124.2479999999998,11.84978,0.0197628459201172,6.760827588235294,13.882893529411762,1,0,T
C03,0,F,1,0,0.6666666666666667,-32.34939,0,0,0,1,1,0,0,168.48079411764706,17,-32.34939,12.32358,0.0952380864059569,,,0,1,F
D03,0,F,1,1,0.1174241641555106,-405.5569,1,1,1,1,1,1,1,6260.413235294118,0,-405.5569,10.7534,0.0037878778538843,17.217526470588236,8.035884647058824,1,0,T
E03,0,F,0,1,0.7178218019372624,-626.3581,1,1,1,1,1,1,1,1559.0801176470586,0,-626.3581,15.50391,0.0148514867134311,15.35667176470588,10.058043764705882,0,1,F
F03,0,F,1,0,0.0312505082705788,-147.5592,1,1,0,1,1,1,0,9413.870235294116,0,-147.5592,13.83367,0.0833333333333333,1.0,2.433601117647059,0,1,F
G03,1,T,1,1,0.0523689684009357,-613.6764,1,1,1,1,1,1,1,4830.01394117647,0,-613.6764,12.24292,0.0049875308876143,5.277526176470588,15.407254705882352,1,1,T
H03,1,T,1,1,0.1005154355395901,-1162.512,1,1,1,1,1,1,1,3483.1250588235293,0,-1162.512,13.48274,0.0090206122603465,4.602085294117647,22.47891823529412,1,1,T
I03,0,F,0,1,0.7027322863670604,-2807.795,0,0,1,1,1,1,0,392.2989764705882,17,-2807.795,19.94608,0.00382513680664,3.760200823529412,59.99008823529412,0,1,F
J03,0,F,1,0,0.433962224359822,-80.60961999999999,1,1,0,1,0,0,0,726.6813764705882,0,-80.60961999999999,10.64655,2.4339625965238394,,,0,1,F
K03,0,F,0,1,0.7311688467435904,-1167.39,1,1,1,1,1,1,1,1893.4171176470588,0,-1167.39,10.61264,0.0155844148056776,18.43982235294117,10.87095705882353,0,1,F
L03,0,F,1,1,0.0447552265267318,-1081.837,1,1,1,1,1,1,1,769.853305882353,0,-1081.837,10.59141,0.0209790107012424,9.785514411764703,14.35093411764706,1,0,T
M03,1,T,1,1,0.0618762487134467,-1486.53,1,1,1,1,1,1,1,1685.9973529411764,0,-1486.53,17.80275,0.0019960074805082,5.615344352941177,32.73968117647059,1,1,T
N03,1,T,1,1,0.1205882358545664,-524.7895,1,1,1,1,1,1,1,2632.226235294117,0,-524.7895,15.43498,0.0352941131634684,1.4691946470588235,10.67384,1,1,T
O03,0,F,0,1,0.7857143161773942,-937.9026,1,1,1,1,1,1,1,4221.030235294117,0,-937.9026,19.7934,0.0016233764572142,1.0,6.215075705882352,0,1,F
P03,0,F,1,0,0.1818185152612734,-119.9605,1,1,0,1,1,0,0,23800.308823529413,0,-119.9605,10.9055,0.1038960324440128,,,0,1,F
A04,0,F,1,0,0.2749999919432054,-62.05942,1,1,0,1,1,1,1,22442.31882352941,0,-62.05942,15.51486,0.1250000080567946,11.970836470588235,5.594717,0,1,F
B04,1,T,1,1,0.0150150091579447,-502.4599,1,1,1,1,1,1,1,6386.954294117647,0,-502.4599,15.08889,0.0030030038217975,4.902029117647059,23.132065882352936,1,1,T
C04,0,F,1,0,0.1666665669312805,-83.55443,1,1,0,1,0,1,1,7658.159,0,-83.55443,10.83113,0.2592592636919431,5.98882294117647,7.933960176470589,0,1,F
D04,0,F,1,1,0.0255681841701321,-531.4738,1,1,1,1,1,1,1,5518.926823529411,0,-531.4738,15.09869,0.0028409095612991,5.023530411764706,15.318938235294116,1,0,T
E04,0,F,0,1,0.9550922201015382,-1910.809,1,1,1,1,1,1,1,3142.208,0,-1910.809,12.2586,0.0176423389255545,14.854398235294118,35.516441176470586,0,1,F
F04,0,F,1,0,0.1276596546489626,-71.64652,1,1,0,1,0,1,1,7988.172,0,-71.64652,13.71955,0.1914894121863839,19.99283882352941,5.389217529411765,0,1,F
G04,0,F,1,0,0.0754721030720235,-158.4135,1,1,0,1,0,1,1,4765.7664117647055,0,-158.4135,11.95574,0.2452830093394817,19.05620411764706,11.470737647058824,0,1,F
H04,1,T,1,1,0.0774775227171382,-846.3434000000001,1,1,1,1,1,1,1,3357.619882352941,0,-846.3434000000001,9.149658,0.0234234236363159,5.3925887058823525,16.110102941176468,1,1,T
I04,0,F,0,1,0.9056603828380868,-241.0314,1,1,1,1,0,0,0,1487.9015294117646,0,-241.0314,13.64329,0.23899371617142,,,0,1,F
J04,0,F,0,0,0.8461541893323734,-19.7251,0,0,0,1,0,0,1,195.45140588235296,17,-19.7251,9.103894,3.230769932725309,127.9575,32.14944,0,1,F
K04,1,T,1,1,0.1018519067853109,-667.4742,1,1,1,1,1,1,1,3714.8647647058815,0,-667.4742,15.45079,0.0046296291302345,5.800664823529412,13.992622352941176,1,1,T
L04,0,F,1,1,0.0398009491188912,-628.5830000000001,1,1,1,1,1,1,1,5801.909,0,-628.5830000000001,14.07275,0.007462686709631,12.352917647058824,9.795460176470588,1,0,T
M04,1,T,1,1,0.0268656430591291,-511.7391,1,1,1,1,1,1,1,5180.755352941176,0,-511.7391,10.69306,0.0179104488986673,13.972909411764704,13.38885705882353,1,1,T
N04,1,T,1,1,0.0434782035589373,-758.6422,1,1,1,1,1,1,1,3124.1989411764707,0,-758.6422,14.13619,0.0124223593151026,7.00071505882353,17.438317647058824,1,1,T
O04,1,T,1,1,0.0396825507931693,-1157.193,1,1,1,1,1,1,1,910.7826411764706,0,-1157.193,15.306789999999998,0.019841279717385,4.578482176470588,16.18285705882353,1,1,T
P04,1,T,1,1,0.0140845721840876,-648.6388,1,1,1,1,1,1,1,6690.027411764706,0,-648.6388,9.135758,0.0046948363249315,8.621188,11.023137647058824,1,1,T
A05,0,F,1,1,0.0543805985540068,-1027.944,1,1,1,1,1,1,1,4888.550294117647,0,-1027.944,13.97507,0.0166163137291525,4.847166823529412,22.754577647058824,1,0,T
B05,0,F,0,1,0.7656367895976678,-2015.548,1,1,1,1,1,1,1,4534.6644705882345,0,-2015.548,13.66988,0.0150715884712247,4.920647411764706,29.97666176470588,0,1,F
C05,0,F,1,1,0.0457665804903805,-661.1641,1,1,1,1,1,1,1,3469.4546470588234,0,-661.1641,12.10369,0.002288329024519,5.364613588235295,15.89606588235294,1,0,T
D05,1,T,1,1,0.0723514292057769,-599.4902999999999,1,1,1,1,1,1,1,2079.879,0,-599.4902999999999,13.94164,0.005167958514091,12.734280588235295,16.26185235294118,1,1,T
E05,1,T,1,1,0.0973153649970098,-447.4612,1,1,1,1,1,1,1,6872.849705882353,0,-447.4612,15.015479999999998,0.0067114109558549,14.278279411764704,11.630591176470588,1,1,T
F05,1,T,1,1,0.0483870419733159,-382.6169,1,1,1,1,1,1,1,4092.429117647059,0,-382.6169,15.4281,0.0040322578537435,11.714767647058824,9.651354647058824,1,1,T
G05,1,T,1,1,0.0606060539323643,-817.32,1,1,1,1,1,1,1,2568.7395882352944,0,-817.32,12.38364,0.0037878786766505,4.4254944117647055,23.10133,1,1,T
H05,1,T,1,1,0.0725388496479526,-1783.9930000000002,1,1,1,1,1,1,1,3682.844176470588,0,-1783.9930000000002,13.86523,0.014680483611763,4.754764235294117,35.28745882352941,1,1,T
I05,1,T,1,1,0.0806201402279143,-994.4525,1,1,1,1,1,1,1,4766.062882352941,0,-994.4525,18.50144,0.0093023256515519,5.087413823529412,13.699183529411764,1,1,T
J05,1,T,1,1,0.0210527371388966,-438.7629,1,1,1,1,1,1,1,2291.9422352941174,0,-438.7629,10.77663,0.0140350881991161,4.751694764705882,15.583705882352938,1,1,T
K05,0,F,1,0,0.1176475101714065,-156.3943,1,1,0,1,1,1,0,11070.219588235292,0,-156.3943,9.199664,0.1274509365111132,1.0,1.995102647058824,0,1,F
L05,1,T,1,1,0.064393874136632,-824.2429999999999,1,1,1,1,1,1,1,4804.815235294118,0,-824.2429999999999,14.0496,0.0056818183472592,6.056278647058823,11.949929411764703,1,1,T
M05,1,T,1,1,0.0572519175260375,-811.0971999999999,1,1,1,1,1,1,1,1968.9395882352944,0,-811.0971999999999,15.47895,0.0,4.528084529411765,22.271157647058825,1,1,T
N05,0,F,0,1,0.9313232825077968,-904.1977,1,1,1,1,1,0,1,2681.770294117647,0,-904.1977,9.087414,0.0184254615998249,30.38356882352941,13.352710588235295,0,1,F
O05,1,T,1,1,0.007407381424179,-627.1852,1,1,1,1,1,1,1,3681.996,0,-627.1852,12.38884,0.007407406934985,12.16519117647059,8.160226529411764,1,1,T
P05,1,T,1,1,0.0072816121112789,-640.7647000000001,1,1,1,1,1,1,1,3694.366352941177,0,-640.7647000000001,15.55254,0.004854368538092,4.83291605882353,10.559788823529413,1,1,T
A06,1,T,1,1,0.0,-420.3347,1,1,1,1,1,1,1,13907.830588235294,0,-420.3347,15.174540000000002,0.0072202152237252,7.409235647058823,11.51924294117647,1,1,T
B06,0,F,1,0,0.0989011193976315,-139.3964,1,1,0,1,1,0,0,21813.35882352941,0,-139.3964,15.31828,0.0549450416223087,23.5657425,4.302610375,0,1,F
C06,0,F,1,1,0.1150685283840168,-552.0924,1,1,1,1,1,1,1,5917.842117647058,0,-552.0924,12.10066,0.0109589047050819,10.501099,9.905143235294116,1,0,T
D06,1,T,1,1,0.0069929689148442,-661.1355,1,1,1,1,1,1,1,6500.445117647058,0,-661.1355,10.78776,0.0046620049898999,10.356520764705882,10.218490882352942,1,1,T
E06,1,T,1,1,0.0254237313150055,-542.0593,1,1,1,1,1,1,1,3847.5944117647055,0,-542.0593,13.78117,0.0028248588300209,7.656344,15.634508235294115,1,1,T
F06,1,T,1,1,0.0874999974706141,-494.1911,1,1,1,1,1,1,1,4695.605705882353,0,-494.1911,15.44347,0.0,6.962397235294118,10.136099411764706,1,1,T
G06,1,T,1,1,0.0462184755019179,-734.8412,1,1,1,1,1,1,1,5237.129823529412,0,-734.8412,12.35027,0.0084033611615679,8.055396647058823,8.308196764705883,1,1,T
H06,0,F,0,1,0.9537444895439644,-721.2198,1,1,1,1,1,0,0,6618.885411764706,0,-721.2198,11.12013,0.055066083876233,,,0,1,F
I06,0,F,1,0,0.1181101713037272,-194.0705,1,1,0,1,0,0,0,2253.917705882353,0,-194.0705,12.22491,0.1574803486361914,37.21154,2.2580293529411763,0,1,F
J06,1,T,1,1,0.0296735924469157,-534.669,1,1,1,1,1,1,1,2984.946647058824,0,-534.669,14.27899,0.0385756795325706,5.0295045882352944,14.581192352941178,1,1,T
K06,0,F,0,0,0.8541666951244333,-146.4158,1,1,0,1,1,0,0,4612.6100588235295,0,-146.4158,15.25165,0.1041666951244333,,,0,1,F
L06,0,F,1,0,0.0,-46.09725,0,0,0,1,0,0,0,197.92277647058825,17,-46.09725,15.36575,1.8666666666666667,116.67491764705883,57.349324117647065,0,1,F
M06,0,F,1,0,0.423912956200038,-134.5024,1,1,0,1,1,0,1,24681.98647058824,0,-134.5024,11.69586,0.0217391362533307,228.0606176470588,5.915591470588235,0,1,F
N06,0,F,0,1,0.8074868881653567,-1144.386,1,1,1,1,1,1,1,3559.4836470588234,0,-1144.386,15.29928,0.0160427775243667,13.954574705882354,25.070343529411765,0,1,F
O06,0,F,1,1,0.0457142899340955,-812.4943,1,1,1,1,1,1,1,805.825594117647,0,-812.4943,10.83326,0.0095238095824179,6.584331,23.871490588235297,1,0,T
P06,0,F,0,1,0.9672256901994866,-2036.73,1,1,1,1,1,1,1,2076.678705882353,0,-2036.73,15.52385,0.0167682903477633,11.472369411764706,45.33830117647059,0,1,F
A07,1,T,1,1,0.0067567615143891,-454.4618,1,1,1,1,1,1,1,7884.518882352942,0,-454.4618,12.28275,0.0101351356703687,6.131212470588236,14.817340000000003,1,1,T
B07,0,F,1,1,0.0421286095764475,-681.7455,1,1,1,1,1,1,1,2579.432529411765,0,-681.7455,18.13957,0.0088691806546577,10.402736705882354,12.916710000000002,1,0,T
C07,0,F,1,1,0.0037879389375434,-784.6589,1,1,1,1,1,1,1,5981.982294117647,0,-784.6589,13.37487,0.0075757580778093,6.626980352941177,13.491553529411766,1,0,T
D07,0,F,1,1,0.0235294064356449,-772.6777999999999,1,1,1,1,1,1,1,3090.639823529412,0,-772.6777999999999,15.15054,0.0039215686020745,8.559815,22.648296470588235,1,0,T
E07,0,F,0,0,1.2333333617551736,-46.91228,0,0,0,1,0,0,0,460.4796058823529,16,-46.91228,17.20117,6.833334470206947,,,0,1,F
F07,0,F,1,1,0.1127171174417557,-1032.333,0,0,1,1,0,0,0,2.966786235294117,17,-1032.333,13.42629,0.6242772438738275,,,0,1,F
G07,0,F,1,1,0.0147058721432092,-518.5364000000001,1,1,1,1,1,1,0,13821.538764705883,0,-518.5364000000001,10.67575,0.1352941085717415,2.5971151764705884,4.428316764705882,0,1,F
H07,0,F,1,1,0.0072463632239746,-415.9797,0,0,1,1,1,1,1,258.1986,17,-415.9797,18.08607,0.0760869580895413,4.648122647058823,5.237339705882352,0,1,F
I07,1,T,1,1,0.087378640776699,-795.9325,1,1,1,1,1,1,1,2142.817411764706,0,-795.9325,15.455,0.0174757281553398,5.567019294117647,18.292047647058823,1,1,T
J07,0,F,0,0,1.066666694832618,-23.66924,0,0,0,1,0,0,0,84.0250811764706,17,-23.66924,12.62359,5.733331530712435,51.06990705882352,98.71761411764705,0,1,F
K07,0,F,1,1,0.0735294020196168,-422.5356,1,1,1,1,1,1,1,3286.2401764705883,0,-422.5356,10.87408,0.0183823540549009,8.679481705882354,14.837293529411768,1,0,T
L07,0,F,1,1,0.0013568467947409,-1122.1090000000002,1,1,1,1,1,1,1,811.8353647058823,0,-1122.1090000000002,13.70283,0.0027137051748092,7.3634518823529405,31.02087764705881,1,0,T
M07,0,F,1,1,0.0255885522691893,-1503.18,1,1,1,1,1,1,1,5213.665294117647,0,-1503.18,12.30854,0.0051177071275562,5.601757882352941,37.80285470588235,1,0,T
N07,0,F,0,0,0.7142856792831511,-32.65067,0,0,0,1,0,0,1,259.9812764705882,17,-32.65067,17.10273,1.0952381681601022,134.80971764705882,19.42463294117647,0,1,F
O07,0,F,1,1,0.0104438634780054,-590.4338,1,1,1,1,1,1,1,935.2832705882352,0,-590.4338,16.95763,0.0339425520693429,10.06509411764706,5.374472882352941,1,0,T
P07,1,T,1,1,0.0198412798054826,-382.3206,1,1,1,1,1,1,1,1733.228,0,-382.3206,16.688599999999997,0.0238095226885498,8.374152117647059,10.749621764705884,1,1,T
A08,0,F,1,1,0.0550284893646868,-828.3442,1,1,1,1,1,1,1,13463.602352941178,0,-828.3442,14.146299999999998,0.0075901322179837,8.567557411764705,15.078351176470589,1,0,T
B08,0,F,1,0,0.0,-53.97721,1,1,0,1,1,0,0,7040.456529411765,0,-53.97721,13.87985,0.1428571428571428,,,0,1,F
C08,0,F,1,0,0.1020408109705809,-76.20745000000001,1,1,0,1,1,1,1,4204.538411764705,0,-76.20745000000001,18.66305,0.0408163243882323,10.354451764705882,12.151146470588236,0,1,F
D08,1,T,1,1,0.1161971727550645,-442.5439,1,1,1,1,1,1,1,1743.7199411764705,0,-442.5439,15.58253,0.021126760531554,5.629867117647059,9.431221352941176,1,1,T
E08,0,F,1,0,0.0540539901650176,-169.2123,1,1,0,1,1,1,1,4837.702411764706,0,-169.2123,15.24435,0.0720720656831684,4.814286411764706,14.569537647058825,0,1,F
F08,0,F,1,1,0.0776202438448996,-1157.211,0,0,1,1,0,0,0,2.943255,17,-1157.211,14.97038,0.6675289121862823,,,0,1,F
G08,1,T,1,1,0.0947368457094061,-584.1231,1,1,1,1,1,1,1,5183.938764705882,0,-584.1231,13.8345,0.0184210485769181,4.978726411764706,11.67101411764706,1,1,T
H08,0,F,1,1,0.0100502518930388,-631.3394000000001,1,1,1,1,1,1,1,1260.4075294117647,0,-631.3394000000001,17.449080000000002,0.0075376889197791,2.971126647058824,13.77393411764706,1,0,T
I08,0,F,1,0,0.6805556166411939,-109.1364,1,1,0,1,1,0,0,6307.3874705882345,0,-109.1364,13.64205,0.0138888858346069,,,0,1,F
J08,0,F,1,1,0.0528846117423046,-633.5791999999999,1,1,1,1,1,1,1,4331.136411764705,0,-633.5791999999999,12.18422,0.0024038462752565,4.587450352941177,18.354507647058828,1,0,T
K08,0,F,1,1,0.1012658336636059,-605.0558,1,1,1,1,1,1,1,2920.346882352941,0,-605.0558,21.44501,0.0126582275552106,9.608733411764703,12.75828411764706,1,0,T
L08,1,T,1,1,0.0225000733771529,-606.4558,1,1,1,1,1,1,1,5746.367823529411,0,-606.4558,13.64526,0.0025000008244623,5.7227152352941175,17.502407647058824,1,1,T
M08,0,F,1,0,0.0,-32.16735,1,1,0,1,1,0,0,22255.047411764703,0,-32.16735,13.78601,0.0952380907970348,,,0,1,F
N08,0,F,1,0,0.0175438981852049,-86.49902,1,1,0,1,0,1,0,16329.552294117648,0,-86.49902,10.62269,0.2280702139746785,1.0,1.4678991176470588,0,1,F
O08,0,F,1,1,0.0706521900811223,-1438.691,1,1,1,1,1,1,1,4473.747882352942,0,-1438.691,15.63795,0.0086956545915696,8.457531235294118,37.05630117647058,1,0,T
P08,0,F,1,0,0.0686274244657498,-155.2971,1,1,0,1,1,1,1,7205.530823529412,0,-155.2971,13.70268,0.0686274244657498,3.936404882352941,6.427382117647058,0,1,F
A09,0,F,1,0,0.0588237086860685,-26.24962,1,1,0,1,0,1,0,4391.530529411765,0,-26.24962,13.89686,0.6470588907572757,1.0,2.046118647058824,0,1,F
B09,0,F,1,1,0.0246913478009861,-253.5864,0,0,1,1,1,1,1,476.4166882352941,15,-253.5864,17.21883,0.1481481262402084,12.493948235294118,8.74954494117647,0,1,F
C09,0,F,1,1,0.0220385555003559,-546.7028,1,1,1,1,1,1,1,1517.2433529411765,0,-546.7028,15.06068,0.0137741054188857,14.7021,8.87473805882353,1,0,T
D09,0,F,1,0,0.1359224109437414,-156.1148,1,1,0,1,1,1,1,3851.485941176471,0,-156.1148,19.70381,0.1359223468883155,5.463588941176471,21.23206117647059,0,1,F
E09,1,T,1,1,0.0905172126555136,-357.1471,1,1,1,1,1,1,1,4697.295235294118,0,-357.1471,20.01255,0.0086206887862172,17.225660588235293,7.647827764705884,1,1,T
F09,1,T,1,1,0.0164835285929294,-843.9534,1,1,1,1,1,1,1,3251.394294117647,0,-843.9534,13.91132,0.0054945059762778,6.404013588235294,16.275918823529413,1,1,T
G09,0,F,1,1,0.0,-521.7119,1,1,1,1,1,1,1,1041.0962529411763,0,-521.7119,8.969258,0.0343839578894021,1.0,6.244217117647059,1,0,T
H09,1,T,1,1,0.0798817061860941,-510.4578,1,1,1,1,1,0,0,1839.7548823529407,0,-510.4578,16.61253,0.0118343200946287,,,0,0,F
I09,1,T,1,1,0.0575539315517485,-631.7035,1,1,1,1,1,1,1,4787.189058823529,0,-631.7035,15.14876,0.0071942438185002,6.311098235294118,18.563244705882354,1,1,T
J09,0,F,1,1,0.0765660930532625,-667.9121,1,1,1,1,1,1,1,5833.058823529412,0,-667.9121,15.4968,0.0046403710907468,10.535684588235297,14.873960588235292,1,0,T
K09,0,F,1,1,0.0215053752069658,-567.3642,1,1,1,1,1,1,1,1146.623411764706,0,-567.3642,15.251729999999998,0.0241935427014957,8.111074470588235,6.35756094117647,1,0,T
L09,0,F,1,0,0.1478259799837391,-178.83460000000002,1,1,0,1,1,0,0,19261.633529411767,0,-178.83460000000002,17.10592,0.0695652295473023,,,0,1,F
M09,0,F,0,1,0.7821969310696983,-804.1107999999999,1,1,1,1,1,0,1,4358.966,0,-804.1107999999999,16.752309999999998,0.0037878784863976,22.49244352941176,10.883888235294116,0,1,F
N09,0,F,1,1,0.0336323408631172,-695.1107,1,1,1,1,1,1,1,6355.652588235294,0,-695.1107,12.46835,0.01345291620457,11.094973411764704,11.23586,1,0,T
O09,0,F,1,1,0.0927834598300318,-1364.726,1,1,1,1,1,1,1,3052.29,0,-1364.726,15.6326,0.0091638028439408,6.303820470588235,13.195341764705882,1,0,T
P09,0,F,0,1,0.9433962217298952,-402.7134,1,1,1,1,1,1,0,3986.828647058824,0,-402.7134,13.67706,0.0037735843902884,2.5502527647058826,4.014297823529411,0,1,F
A10,0,F,1,0,0.1515150513041995,-151.1962,1,1,0,1,0,0,0,1026.7708588235294,0,-151.1962,13.74511,0.3030302348868556,,,0,1,F
B10,0,F,0,0,0.7857140633886709,-21.20442,0,0,0,1,0,0,0,107.74976470588236,17,-21.20442,15.14601,0.5,75.48080764705882,88.18687294117647,0,1,F
C10,1,T,1,1,0.0640569384014799,-420.4614,1,1,1,1,1,1,1,19001.129,0,-420.4614,17.955650000000002,0.0320284573090419,6.409894411764705,10.053859411764709,1,1,T
D10,0,F,0,0,0.9743589684986268,-61.25478999999999,1,1,0,1,0,0,0,667.1044882352941,1,-61.25478999999999,12.56508,1.4615384364226864,,,0,1,F
E10,0,F,0,0,0.9655172413793104,-87.57797000000001,1,1,0,1,1,0,0,2486.192847058824,0,-87.57797000000001,22.64948,0.0172413793103448,,,0,1,F
F10,0,F,1,1,0.02898552951083,-1041.499,1,1,1,1,1,1,1,3616.832941176471,0,-1041.499,16.60361,0.0086956511720126,4.916331764705882,16.72955705882353,1,0,T
G10,0,F,0,0,0.818181691253147,-34.37865,0,0,0,1,0,0,0,254.19765294117647,17,-34.37865,17.18932,1.1363637024723194,,,0,1,F
H10,1,T,1,1,0.1207729380989015,-314.3046,1,1,1,1,1,0,0,2595.6604705882355,0,-314.3046,15.1838,0.0579710255592822,83.33748647058823,2.210863588235294,0,0,F
I10,1,T,1,1,0.0860533170818733,-517.3689,1,1,1,1,1,1,1,2906.039176470588,0,-517.3689,16.88741,0.0029673584941035,11.95966294117647,6.838238235294118,1,1,T
J10,0,F,1,0,0.3157894678059607,-89.53614,1,1,0,1,1,0,0,3353.4625882352943,0,-89.53614,14.13729,0.0350877198860705,31.09647470588235,3.3157477647058826,0,1,F
K10,0,F,1,1,0.0417661051372292,-1293.966,1,1,1,1,1,1,1,712.0594294117648,0,-1293.966,13.89701,0.0083532179361745,3.9293577647058826,18.36800882352941,1,0,T
L10,0,F,1,0,0.2749999106417836,-61.55002,1,1,0,1,0,0,0,3636.097941176471,0,-61.55002,15.38751,0.3250000568643195,32.85640705882353,3.058344823529412,0,1,F
M10,0,F,1,1,0.0300884221221993,-877.0881999999999,1,1,1,1,1,1,1,4639.526176470588,0,-877.0881999999999,13.97132,0.0017699120795377,6.678113117647059,18.470314705882352,1,0,T
N10,0,F,1,1,0.0577689248680221,-775.3383,1,1,1,1,1,1,1,3179.5481764705883,0,-775.3383,10.81149,0.0019920323812199,8.581694411764705,16.63344882352941,1,0,T
O10,0,F,1,1,0.0716723910201154,-897.918,1,1,1,1,1,1,1,6125.524411764705,0,-897.918,12.25827,0.0034129697812049,7.499211882352941,14.80476588235294,1,0,T
P10,1,T,1,1,0.0171918620235957,-545.4034,1,1,1,1,1,1,1,2359.121823529412,0,-545.4034,10.93932,0.0229226477136006,6.399998411764706,13.69275411764706,1,1,T
A11,0,F,1,0,0.5277778345342276,-53.83627,1,1,0,1,0,0,0,892.8268823529412,0,-53.83627,16.44997,8.694443355752544,,,0,1,F
B11,1,T,1,1,0.0359476984966262,-478.8696,1,1,1,1,1,1,1,2007.1183529411765,0,-478.8696,10.95453,0.0359477193791378,4.416174176470588,19.36242470588236,1,1,T
C11,0,F,1,1,0.1248847127437189,-1655.647,0,0,1,1,0,0,0,2.627012294117648,17,-1655.647,18.37906,0.7261795539749717,,,0,1,F
D11,0,F,1,1,0.2648648992401543,-283.0443,1,1,1,1,0,1,1,1672.186,0,-283.0443,15.29969,0.42702714734054,7.378279588235294,9.201075470588234,0,1,F
E11,0,F,1,1,0.0475058950281469,-648.0461,1,1,1,1,1,1,1,5500.531352941176,0,-648.0461,15.39302,0.0071258896550723,4.153233882352941,9.427968941176472,1,0,T
F11,0,F,1,1,0.0712945716613069,-791.5792,1,1,1,1,1,1,1,5845.119176470589,0,-791.5792,10.39597,0.0093808629635543,9.587949235294118,8.165761764705882,1,0,T
G11,0,F,0,1,0.7439292955933188,-694.2481,1,1,1,1,1,0,1,3353.076176470588,0,-694.2481,19.92323,0.0,24.59852941176471,9.873709352941177,0,1,F
H11,0,F,1,0,0.4666665674644509,-47.04196,1,1,0,1,0,0,0,18719.536470588235,0,-47.04196,17.24872,0.7666666099796862,,,0,1,F
I11,1,T,1,1,0.0272727408653844,-668.8103,1,1,1,1,1,1,1,2114.7451176470586,0,-668.8103,18.24028,0.0045454548173076,5.62591794117647,12.324658235294118,1,1,T
J11,1,T,1,1,0.0696721583891652,-743.1973,1,1,1,1,1,1,1,3014.5484117647056,0,-743.1973,15.229450000000002,0.0061475411710995,5.115824823529412,19.56574647058824,1,1,T
K11,0,F,0,0,0.7714286351988742,-53.76439,0,0,0,1,0,0,1,129.0173517647059,17,-53.76439,10.75288,3.0000005579901496,44.78033235294118,15.922949411764709,0,1,F
L11,1,T,1,1,0.0387323792435908,-437.7366,1,1,1,1,1,1,1,3465.5662352941176,0,-437.7366,16.95459,0.0070422532637206,5.93257305882353,12.957052352941178,1,1,T
M11,0,F,1,0,0.1971827830086178,-103.5419,1,1,0,1,1,0,0,13710.154705882353,0,-103.5419,11.6667,0.0704225535749295,,,0,1,F
N11,0,F,1,1,0.0562500051655325,-725.9658000000001,1,1,1,1,1,1,1,4952.459411764706,0,-725.9658000000001,13.61186,0.0083333333333333,13.546042352941177,7.648678588235294,1,0,T
O11,1,T,1,1,0.0710227291899801,-563.0689,1,1,1,1,1,1,1,4574.829823529411,0,-563.0689,12.797020000000002,0.0,6.193978176470588,12.158674117647058,1,1,T
P11,1,T,1,1,0.0906148983166556,-477.6741,1,1,1,1,1,1,1,8060.918705882353,0,-477.6741,12.36697,0.0161812290011118,5.519054882352941,15.180938823529411,1,1,T
A12,0,F,1,1,0.0218340725104267,-1036.513,1,1,1,1,1,1,1,5448.168529411765,0,-1036.513,15.08752,0.0145560354766413,5.06997394117647,20.29371235294117,1,0,T
B12,1,T,1,1,0.0137740902592501,-557.6890999999999,1,1,1,1,1,1,1,4026.307,0,-557.6890999999999,12.29067,0.0055096414830413,6.78753094117647,17.91312647058824,1,1,T
C12,0,F,1,1,0.0235294571349458,-388.9567,1,1,1,1,1,1,1,1311.9336411764705,0,-388.9567,13.72788,0.0039215676192234,11.524970588235297,6.781233176470588,1,0,T
D12,1,T,1,1,0.0,-471.6458,1,1,1,1,1,1,1,3596.3747647058826,0,-471.6458,15.827039999999998,0.0033557046410675,9.312631294117644,5.9954835882352935,1,1,T
E12,0,F,1,1,0.0304568460122293,-905.9661,1,1,1,1,1,1,1,3818.5664117647057,0,-905.9661,16.86231,0.0016920478591859,10.865879411764706,13.206556470588234,1,0,T
F12,1,T,1,1,0.0148698770113625,-411.8104,1,1,1,1,1,1,1,4333.891058823529,0,-411.8104,16.83983,0.0074349457905871,7.958415,11.116907058823529,1,1,T
G12,1,T,1,1,0.0790067702961501,-685.2876,1,1,1,1,1,1,1,3473.859,0,-685.2876,17.01617,0.0022573369195648,4.782856117647059,11.591369411764704,1,1,T
H12,1,T,1,1,0.0726872617001118,-710.2133,1,1,1,1,1,1,1,8654.46311764706,0,-710.2133,17.207810000000002,0.0022026439099352,4.998968764705882,11.692281764705882,1,1,T
I12,0,F,0,1,0.9769378635353548,-2388.179,1,1,1,1,1,1,1,3433.278294117647,0,-2388.179,16.82893,0.007687380217312,13.02653605882353,35.84119411764706,0,1,F
J12,0,F,1,0,0.1690137118615348,-110.3643,1,1,0,1,1,0,1,5796.051529411765,0,-110.3643,17.0987,0.0281690274844311,24.59027588235294,5.878723352941175,0,1,F
K12,0,F,1,1,0.0569620253164557,-702.1362,1,1,1,1,1,1,1,4372.986705882353,0,-702.1362,14.813000000000002,0.0042194092827004,7.642176529411765,12.366009411764704,1,0,T
L12,0,F,0,0,1.037037037037037,-40.60692,0,0,0,1,0,0,0,372.3214647058824,17,-40.60692,31.58316,9.555556048082444,,,0,1,F
M12,0,F,1,1,0.0372881266137806,-453.0123,1,1,1,1,1,0,1,4182.896176470588,0,-453.0123,10.74944,0.0101694920866387,24.556180588235293,10.191547647058824,0,1,F
N12,1,T,1,1,0.0572207195410134,-562.4390999999999,1,1,1,1,1,1,1,4366.166058823529,0,-562.4390999999999,16.85785,0.0190735672537702,6.586218411764706,14.040979411764704,1,1,T
O12,0,F,0,1,0.960784320161578,-1431.8770000000002,1,1,1,1,1,1,1,1133.1952529411765,0,-1431.8770000000002,17.15756,0.0087145962956315,13.461634705882354,43.62375588235295,0,1,F
P12,0,F,0,0,1.0666667251346331,-22.80451,0,0,0,1,0,0,0,238.85975294117648,17,-22.80451,24.32481,0.6666663743268327,,,0,1,F
A13,1,T,1,1,0.0364145123814985,-525.1626,1,1,1,1,1,1,1,2519.3099411764706,0,-525.1626,16.18148,0.0028011210242313,3.652398117647059,13.408527647058822,1,1,T
B13,0,F,1,1,0.028081080017318,-952.7625,1,1,1,1,1,1,1,4673.430941176471,0,-952.7625,14.863689999999998,0.0078003122499048,5.01329705882353,20.40922176470588,1,0,T
C13,0,F,1,0,0.243243210614944,-57.98316,1,1,0,1,0,0,0,1615.928411764706,0,-57.98316,20.37246,1.8378370547586576,,,0,1,F
D13,1,T,1,1,0.0793650737185107,-477.8854,1,1,1,1,1,1,1,1836.9095294117649,0,-477.8854,15.17097,0.0095238084277109,3.2990022352941177,6.656864647058823,1,1,T
E13,0,F,1,1,0.0527704462139633,-598.9323999999999,1,1,1,1,1,1,1,5106.528352941176,0,-598.9323999999999,15.80296,0.0079155677669132,5.43357394117647,12.103467647058824,1,0,T
F13,0,F,1,1,0.0553278622840575,-748.7412,1,1,1,1,1,1,1,3198.146117647059,0,-748.7412,12.27445,0.0061475406989758,3.984773352941176,6.301532529411765,1,0,T
G13,0,F,0,0,0.7826086706912998,-34.837129999999995,0,0,0,1,1,0,0,438.6737882352941,17,-34.837129999999995,19.69055,0.0869565317234801,,,0,1,F
H13,0,F,1,1,0.0758377455907838,-868.5840999999999,1,1,1,1,1,1,1,2508.0124117647056,0,-868.5840999999999,16.850839999999998,0.0035273371916432,5.762663411764706,8.30759088235294,1,0,T
I13,0,F,0,0,0.7820513637991161,-122.3274,1,1,0,1,1,0,0,7164.514764705882,0,-122.3274,14.11469,0.0256410174662422,35.97120125,3.2399345625,0,1,F
J13,1,T,1,1,0.0975610165378038,-965.4063,1,1,1,1,1,1,1,6089.119235294118,0,-965.4063,17.267429999999997,0.006504064661687,4.967714764705883,18.71590647058824,1,1,T
K13,0,F,1,1,0.1578947395778917,-384.7638,1,1,1,1,1,1,1,853.3568235294118,0,-384.7638,21.808480000000003,0.064777325725549,11.076924705882352,10.246908235294118,1,0,T
L13,1,T,1,1,0.0093240411114015,-652.6462,1,1,1,1,1,1,1,4743.961823529411,0,-652.6462,13.69188,0.0116550115514347,14.35207705882353,7.74255388235294,1,1,T
M13,1,T,1,1,0.1219512511294358,-439.7107,1,1,1,1,1,1,1,2391.2672352941177,0,-439.7107,15.32093,0.0313588911982355,15.63031411764706,14.080325294117648,1,1,T
N13,1,T,1,1,0.0336538488920333,-632.0858000000001,1,1,1,1,1,1,1,1670.0497647058824,0,-632.0858000000001,15.19437,0.0144230767405311,5.109558176470588,14.732653529411762,1,1,T
O13,0,F,1,0,0.1298698667261022,-118.44780000000002,1,1,0,1,1,0,0,18829.37058823529,0,-118.44780000000002,15.382830000000002,0.1168831333296186,35.57940764705882,2.9281535294117647,0,1,F
P13,0,F,1,0,0.2222222468406004,-40.62006,0,0,0,1,0,0,1,94.05830647058824,17,-40.62006,12.03557,5.259258602769173,39.0910505882353,10.475389235294118,0,1,F
A14,1,T,1,1,0.0690298717213621,-827.2071,1,1,1,1,1,1,1,4219.601705882353,0,-827.2071,13.88967,0.0391791124616797,2.525642705882353,15.487258823529412,1,1,T
B14,0,F,1,0,0.0769232437245932,-138.34959999999998,1,1,0,1,1,0,0,8778.963235294117,0,-138.34959999999998,16.723570000000002,0.0109890090032786,,,0,1,F
C14,1,T,1,1,0.0513245336399996,-904.0012,1,1,1,1,1,1,1,5342.719235294118,0,-904.0012,16.4636,0.0049668872120966,5.981656058823529,13.705359411764707,1,1,T
D14,0,F,1,1,0.0407709529209581,-2052.888,1,1,1,1,1,1,1,2896.552,0,-2052.888,13.69606,0.0259451416735837,4.430082705882353,45.88477764705882,1,0,T
E14,0,F,1,1,0.0292682949942706,-633.1445,1,1,1,1,1,0,1,2688.3647647058824,0,-633.1445,18.53106,0.0024390245828558,25.46028470588235,10.964856470588236,0,1,F
F14,1,T,1,1,0.060948078535405,-670.0774,1,1,1,1,1,1,1,5471.735176470589,0,-670.0774,18.15108,0.002257336242052,2.594844470588235,8.404468,1,1,T
G14,0,F,0,0,0.7222221197517492,-27.10808,0,0,0,1,0,0,0,104.20209411764704,17,-27.10808,10.54203,1.5,,,0,1,F
H14,0,F,0,0,0.7857142725158701,-21.64762,0,0,0,1,0,0,0,475.6632764705882,17,-21.64762,15.46258,0.7857140877380516,,,0,1,F
I14,0,F,1,1,0.0100000095961246,-625.2524000000001,0,0,1,1,1,1,1,453.0845117647059,15,-625.2524000000001,20.3207,0.0549999968012917,13.363356470588236,6.233339764705883,0,1,F
J14,0,F,1,1,0.0666666158699528,-918.6946,1,1,1,1,1,0,1,6185.455352941176,0,-918.6946,14.13376,0.0034188031583074,20.70442823529412,12.808278235294116,0,1,F
K14,0,F,0,0,0.8928571428571428,-171.2088,1,1,0,1,1,0,0,3225.7373529411766,0,-171.2088,15.286499999999998,0.0089285714285714,37.440637058823526,3.815876411764706,0,1,F
L14,0,F,1,1,0.0180522606947462,-6676.222,0,0,1,1,0,0,0,2.744255529411765,17,-6676.222,17.44381,0.5501187647744488,,,0,1,F
M14,0,F,0,0,1.086956657457247,-35.239279999999994,1,1,0,1,1,0,0,3281.678823529412,0,-35.239279999999994,13.78928,0.1304347875438999,,,0,1,F
N14,1,T,1,1,0.0151189173302885,-722.0226,1,1,1,1,1,1,1,3367.349117647059,0,-722.0226,15.59444,0.0259179283307752,5.227699294117647,20.771875294117645,1,1,T
O14,0,F,0,0,0.9512195883404976,-63.742,1,1,0,1,1,0,0,8309.890705882353,0,-63.742,12.43746,0.1463414703021555,,,0,1,F
P14,0,F,0,1,0.7245053928098217,-993.5915,1,1,1,1,1,1,1,2107.2995882352943,0,-993.5915,13.61084,0.0030441403735841,9.96388888235294,9.455777588235296,0,1,F
A15,0,F,1,1,0.0270270187089296,-519.8694,1,1,1,1,1,1,1,8753.196647058823,0,-519.8694,15.61169,0.0060060065085577,6.882390882352941,17.04323941176471,1,0,T
B15,0,F,1,1,0.0518207852835137,-1095.044,1,1,1,1,1,1,1,6344.366058823529,0,-1095.044,16.87043,0.0070028017139037,3.3085577647058826,12.53637411764706,1,0,T
C15,0,F,1,0,0.4848485238090493,-93.33447,1,1,0,1,0,1,0,6794.765588235295,0,-93.33447,14.14159,0.1969696726193441,1.0,3.872963941176472,0,1,F
D15,0,F,1,1,0.0319148945669598,-447.9573,1,1,1,1,1,1,1,3016.947235294117,0,-447.9573,17.473509999999997,0.0177304935090911,1.1906210588235293,7.666562647058822,1,0,T
E15,1,T,1,1,0.0359477333820469,-470.77850000000007,1,1,1,1,1,1,1,5889.283941176471,0,-470.77850000000007,15.38492,0.0032679742171743,7.302216176470588,8.57053311764706,1,1,T
F15,0,F,1,1,0.0386740976904966,-830.3387,1,1,1,1,1,1,1,3646.529058823529,0,-830.3387,13.76252,0.0036832415495026,3.486391823529412,11.854902941176473,1,0,T
G15,1,T,1,1,0.0080971639389937,-749.4056,1,1,1,1,1,1,1,1468.815411764706,0,-749.4056,16.687170000000002,0.0060728742886362,2.0970038823529413,6.361546882352941,1,1,T
H15,0,F,1,1,0.0863636719980101,-982.1977,1,1,1,1,1,1,1,2281.250647058824,0,-982.1977,20.8345,0.0136363585457388,1.0,4.630512470588236,1,0,T
I15,0,F,1,1,0.0958646474387411,-809.2466000000001,1,1,1,1,1,1,1,2107.327823529412,0,-809.2466000000001,16.73254,0.0037593979387741,8.97604,12.563445294117647,1,0,T
J15,0,F,1,0,0.1538462317440448,-39.49944,1,1,0,1,0,0,0,8596.576294117647,0,-39.49944,15.19209,0.3846153261919662,,,0,1,F
K15,0,F,1,1,0.0213414818637003,-489.1516,1,1,1,1,1,1,1,4059.480941176471,0,-489.1516,16.40448,0.0152439039348946,9.023923823529412,11.271428823529412,1,0,T
L15,1,T,1,1,0.0656934256038253,-404.463,1,1,1,1,1,1,1,1609.2207647058824,0,-404.463,17.71371,0.0401459960490823,7.272399882352941,10.427350000000002,1,1,T
M15,0,F,1,0,0.0126577356551866,-120.8747,1,1,0,1,1,1,0,9657.481764705884,0,-120.8747,13.77054,0.0759493839488329,2.300213529411765,2.073942470588236,0,1,F
N15,1,T,1,1,0.091953937802835,-665.2136,1,1,1,1,1,1,1,5380.905352941177,0,-665.2136,18.35072,0.0137931019449993,4.06907,13.162730588235291,1,1,T
O15,1,T,1,1,0.0294117535120944,-472.9514,1,1,1,1,1,1,1,3401.2085294117646,0,-472.9514,17.001520000000003,0.0294117535120944,8.510906294117646,7.956361058823529,1,1,T
P15,0,F,1,1,0.0797321963765872,-2512.438,1,1,1,1,1,1,1,2311.078411764706,0,-2512.438,16.82095,0.0066950706843313,5.421662588235295,32.13845882352942,1,0,T
A16,0,F,1,1,0.0527704222005668,-1161.628,1,1,1,1,1,1,1,4114.591117647059,0,-1161.628,18.38988,0.0118733449951275,4.104138529411765,18.14731411764706,1,0,T
B16,0,F,0,0,0.79166662963539,-112.5175,1,1,0,1,1,1,0,2873.585117647059,0,-112.5175,12.50195,0.0972222098784633,1.0,3.364120764705883,0,1,F
C16,1,T,1,1,0.0569444360791872,-1062.596,1,1,1,1,1,1,1,2894.5417058823527,0,-1062.596,14.75828,0.0027777772549491,4.936749294117647,17.24142764705882,1,1,T
D16,1,T,1,1,0.0671936970790754,-789.0310000000001,1,1,1,1,1,1,1,7916.095588235295,0,-789.0310000000001,15.5935,0.0059288532389728,4.787843941176471,11.340456470588236,1,1,T
E16,1,T,1,1,0.0158730231288265,-481.2782,1,1,1,1,1,1,1,2579.7123529411765,0,-481.2782,15.27867,0.0190476194433905,7.145519588235294,9.225140176470587,1,1,T
F16,1,T,1,1,0.0382351733953263,-538.4257,1,1,1,1,1,1,1,8516.343117647059,0,-538.4257,12.66884,0.0176470606807958,10.136419705882354,9.197246588235291,1,1,T
G16,0,F,0,1,0.7015589499937094,-702.6396000000001,1,1,1,1,1,1,1,4455.256470588235,0,-702.6396000000001,15.64899,0.0022271716538606,14.182292352941175,13.896699411764708,0,1,F
H16,0,F,1,0,0.2333332369658107,-138.35920000000002,1,1,0,1,1,0,0,11990.713235294115,0,-138.35920000000002,13.83592,0.0444444460505698,,,0,1,F
I16,1,T,1,1,0.1006493640773079,-478.7453,1,1,1,1,1,1,1,5515.564941176471,0,-478.7453,15.54368,0.0129870120918158,14.267135294117644,4.709461470588234,1,1,T
J16,0,F,0,0,0.82075466887549,-160.8096,1,1,0,1,1,0,0,7687.974176470589,0,-160.8096,10.61951,0.028301898642867,36.96068705882352,3.5015299411764707,0,1,F
K16,1,T,1,1,0.0521739191659973,-710.1368,1,1,1,1,1,1,1,17394.087647058823,0,-710.1368,15.43776,0.0086956527249397,5.6788202352941175,9.240173764705885,1,1,T
L16,1,T,1,1,0.0922509530583249,-828.6219,1,1,1,1,1,1,1,4447.301294117648,0,-828.6219,16.81705,0.0036900364327807,4.729715176470588,13.744343529411765,1,1,T
M16,0,F,1,1,0.0656871018753179,-1771.273,1,1,1,1,1,1,1,4428.239470588235,0,-1771.273,16.84011,0.0034572163635983,5.808925470588235,32.47829176470588,1,0,T
N16,1,T,1,1,0.0060241007314435,-526.7392,1,1,1,1,1,1,1,2770.8679411764706,0,-526.7392,19.03877,0.003012048467249,4.591649294117647,19.15886,1,1,T
O16,0,F,0,1,0.7489359964171739,-1775.135,1,1,1,1,1,1,1,4035.146352941176,0,-1775.135,21.15054,0.0059574454900613,7.669383705882352,18.042021176470588,0,1,F
P16,1,T,1,1,0.0993288369404377,-1171.161,1,1,1,1,1,1,1,3285.4377647058827,0,-1171.161,15.72028,0.0026845642913314,4.484660117647059,25.631065294117647,1,1,T
A17,1,T,1,1,0.0084033645718499,-546.8036000000001,1,1,1,1,1,1,1,3655.951470588235,0,-546.8036000000001,18.37995,0.0056022399998829,8.147510235294117,12.71467705882353,1,1,T
B17,1,T,1,1,0.0939597144179514,-227.2972,1,1,1,1,1,0,1,7339.472176470588,0,-227.2972,13.72936,0.0335570433775691,33.7690805882353,7.474147529411763,0,0,F
C17,0,F,1,1,0.038716812986464,-1395.915,1,1,1,1,1,1,1,2600.648294117648,0,-1395.915,16.98569,0.0199115060730775,8.944043764705881,17.759102352941177,1,0,T
D17,0,F,1,1,0.0372881443926108,-886.0398,1,1,1,1,1,1,1,3618.918176470588,0,-886.0398,21.02467,0.0118644106054829,6.246104529411765,22.945365294117646,1,0,T
E17,1,T,1,1,0.1314432371691644,-622.2275999999999,1,1,1,1,1,1,1,1189.0006294117643,0,-622.2275999999999,14.43311,0.0051546395563295,11.36843717647059,8.847864352941174,1,1,T
F17,1,T,1,1,0.0409638289515382,-632.6745000000001,1,1,1,1,1,1,1,2428.2345294117645,0,-632.6745000000001,15.24517,0.0289156588419479,4.913146705882353,19.27200352941177,1,1,T
G17,1,T,1,1,0.0946602697574089,-633.9103,1,1,1,1,1,1,1,8569.336411764705,0,-633.9103,18.4634,0.0169902902666197,10.743337647058825,13.572067647058825,1,1,T
H17,0,F,0,0,0.7142856873708254,-31.84642,0,0,0,1,0,0,1,108.52391764705882,17,-31.84642,21.23095,0.6190476040949029,70.39657882352941,29.80609647058824,0,1,F
I17,0,F,0,1,0.8533331589034465,-229.3185,1,1,1,1,0,0,1,2722.093529411765,0,-229.3185,15.2879,0.2599999563925282,26.49890058823529,4.664205176470587,0,1,F
J17,0,F,1,1,0.082458776035862,-1009.425,1,1,1,1,1,0,1,2331.2247058823527,0,-1009.425,18.16057,0.0014992505634395,21.03783705882353,15.156477647058823,0,1,F
K17,1,T,1,1,0.0916441412633607,-552.7463,1,1,1,1,1,1,1,3728.437823529412,0,-552.7463,16.38871,0.0134770906652835,6.991986705882352,11.172653529411766,1,1,T
L17,1,T,1,1,0.015957448663123,-573.6129999999999,1,1,1,1,1,1,1,1047.0912470588237,0,-573.6129999999999,15.25566,0.0505319091443185,11.995068235294118,5.75855894117647,1,1,T
M17,0,F,0,0,0.8333332973713983,-27.80718,0,0,0,1,0,0,0,279.77229411764705,17,-27.80718,13.90359,1.555555795301789,,,0,1,F
N17,1,T,1,1,0.0661478133786371,-779.1541,1,1,1,1,1,1,1,1186.3213529411764,0,-779.1541,15.15864,0.0019455252818409,5.27179405882353,17.618100000000002,1,1,T
O17,0,F,1,0,0.2857143391351009,-106.9674,1,1,0,1,1,0,0,10947.122470588236,0,-106.9674,12.22485,0.0571428678270201,44.18801529411765,3.635695529411764,0,1,F
P17,0,F,1,1,0.0868113708966111,-908.0269,1,1,1,1,1,1,1,4419.148941176471,0,-908.0269,18.19086,0.0066777955586998,7.79016505882353,16.57583470588235,1,0,T
A18,0,F,1,0,0.0531917089177977,-145.36100000000002,1,1,0,1,0,1,1,3216.049294117647,0,-145.36100000000002,13.91754,0.3191488776219205,11.454941,4.640975235294118,0,1,F
B18,0,F,1,1,0.0766045540567459,-742.4633,1,1,1,1,1,1,1,1944.3095294117643,0,-742.4633,12.29753,0.0,5.260201294117647,14.234804705882352,1,0,T
C18,1,T,1,1,0.0097086364925702,-459.7144,1,1,1,1,1,1,1,4915.89794117647,0,-459.7144,17.85299,0.0161812312165988,6.532902470588235,12.189456470588237,1,1,T
D18,1,T,1,1,0.0352644488709433,-606.5993000000001,1,1,1,1,1,1,1,3373.595117647059,0,-606.5993000000001,12.22366,0.0176322491634922,4.6675695294117645,20.61950823529412,1,1,T
E18,0,F,0,0,0.7200001429254336,-39.18127,0,0,0,1,1,0,0,217.46633529411767,17,-39.18127,12.53801,0.0400000051044797,,,0,1,F
F18,0,F,1,1,0.052486209422819,-1134.289,1,1,1,1,1,1,1,88299.63841176471,0,-1134.289,12.53357,0.0055248591849167,7.109817764705882,12.857677647058823,1,0,T
G18,0,F,1,1,0.0049261281377558,-319.0457,1,1,1,1,1,1,1,1403.0853529411763,0,-319.0457,14.14488,0.0,17.82285823529412,5.357070235294118,1,0,T
H18,1,T,1,1,0.0844827481543102,-873.0747,1,1,1,1,1,1,1,2334.011294117647,0,-873.0747,18.06361,0.018965513489281,7.20328705882353,13.270596470588236,1,1,T
I18,0,F,1,1,0.0920502341341741,-1062.4250000000002,1,1,1,1,1,1,1,3527.580523529412,0,-1062.4250000000002,16.299409999999998,0.0237098995223192,7.460179117647059,17.632032941176472,1,0,T
J18,1,T,1,1,0.1282051318742383,-419.301,1,1,1,1,1,1,1,4244.028176470588,0,-419.301,13.82311,0.0183150171356614,7.418706294117647,8.490350176470589,1,1,T
K18,0,F,0,1,0.9230769340164834,-281.2657,1,1,1,1,1,0,0,2602.8567647058826,0,-281.2657,12.36333,0.0109890114578492,35.54732705882353,4.022102647058824,0,1,F
L18,0,F,0,1,0.9352226677439708,-384.1688,1,1,1,1,1,0,0,1776.1903529411763,0,-384.1688,20.21941,0.0283400942502358,32.66541588235294,4.48341905882353,0,1,F
M18,0,F,1,0,0.1097561963979764,-123.3862,1,1,0,1,0,0,0,15899.62588235294,0,-123.3862,10.53297,0.5000001620926814,23.33464588235294,3.9223138235294126,0,1,F
N18,0,F,1,1,0.0212014159094787,-427.1177,1,1,1,1,1,1,1,1048.5240294117648,0,-427.1177,13.58325,0.0247349852277252,13.417037647058825,6.247329352941177,1,0,T
O18,0,F,1,0,0.0624997637818092,-23.81273,1,1,0,1,0,0,0,15062.79588235294,0,-23.81273,8.929772999999999,0.3749999685042412,,,0,1,F
P18,1,T,1,1,0.0462633658184138,-862.8166,1,1,1,1,1,1,1,3665.7152352941175,0,-862.8166,15.352610000000002,0.0,4.948647294117647,18.46922529411765,1,1,T
A19,0,F,1,0,0.6153845898666248,-60.28929,0,0,0,1,0,0,1,63.608242352941176,17,-60.28929,13.91291,0.4871793978665198,26.41069058823529,19.885224705882354,0,1,F
B19,0,F,1,1,0.0373376696518974,-972.1303,1,1,1,1,1,1,1,2601.873647058824,0,-972.1303,15.78133,0.0064935060660078,5.587041352941177,14.649594705882354,1,0,T
C19,0,F,1,1,0.0039920162303016,-761.1442000000001,1,1,1,1,1,1,1,6471.251529411765,0,-761.1442000000001,13.67325,0.0079840324606033,5.191015705882353,15.914059411764706,1,0,T
D19,1,T,1,1,0.0177514681935671,-511.9216,1,1,1,1,1,1,1,2259.134941176471,0,-511.9216,16.660169999999997,0.0177514779606877,7.870863176470588,10.778381176470589,1,1,T
E19,1,T,1,1,0.0584071361405551,-845.8802000000001,1,1,1,1,1,1,1,7115.710294117647,0,-845.8802000000001,13.4742,0.008849558128917,4.360963235294117,16.92486117647059,1,1,T
F19,0,F,1,0,0.6142857822348807,-105.1206,1,1,0,1,1,0,0,11362.307647058822,0,-105.1206,10.51206,0.0714285687106047,51.741869411764704,2.4166517058823533,0,1,F
G19,0,F,1,1,0.0175879583214992,-617.9205000000001,1,1,1,1,1,1,1,1506.4252352941178,0,-617.9205000000001,12.42051,0.0050251254004358,15.046034705882354,11.029690588235296,1,0,T
H19,0,F,0,1,0.9276139489842884,-562.0739,1,1,1,1,1,0,1,8327.294117647058,0,-562.0739,12.0552,0.0160857922774923,138.3076882352941,11.279382352941177,0,1,F
I19,0,F,1,1,0.0570570448793333,-520.3219,1,1,1,1,1,1,1,6758.246823529411,0,-520.3219,14.06275,0.0060060051287481,9.820262294117647,8.869671882352941,1,0,T
J19,0,F,1,1,0.2302632669546903,-223.1993,1,1,1,1,1,1,1,2883.686294117648,0,-223.1993,17.621,0.1184210255139689,8.39201082352941,17.83767235294118,1,0,T
K19,1,T,1,1,0.0337838364033661,-873.172,1,1,1,1,1,1,1,2737.4220588235294,0,-873.172,20.64934,0.0,5.505485588235294,14.26962294117647,1,1,T
L19,0,F,1,1,0.075418994311827,-549.9657,1,1,1,1,1,1,1,8765.709411764705,0,-549.9657,15.36217,0.0,9.74318305882353,9.393388764705882,1,0,T
M19,0,F,1,0,0.38461540045799,-38.84365,0,0,0,1,0,0,0,317.4864647058824,17,-38.84365,13.44588,2.3846157608772605,,,0,1,F
N19,0,F,0,1,0.9551820585199776,-538.3324,1,1,1,1,1,1,0,2506.9462352941173,0,-538.3324,12.06347,0.011204482583623,1.0,3.630555882352941,0,1,F
O19,0,F,1,1,0.0955806463416706,-1530.398,1,1,1,1,1,1,1,1892.912470588236,0,-1530.398,17.30152,0.0010277489907854,8.923026235294119,13.801069411764708,1,0,T
P19,0,F,1,0,0.1721314416957748,-183.9112,0,0,0,1,0,0,0,91.47351941176473,17,-183.9112,4.522408,0.4016394325087324,,,0,1,F
A20,0,F,0,0,1.0222222198051607,-137.9085,1,1,0,1,1,0,0,3504.5954117647057,0,-137.9085,67.42192,0.0444444323591366,24.20150294117647,4.038644941176471,0,1,F
B20,0,F,1,1,0.0498866232910352,-688.5894000000001,1,1,1,1,1,1,1,4089.346411764706,0,-688.5894000000001,14.05284,0.0022675733898895,6.468250411764705,13.652185294117649,1,0,T
C20,0,F,1,0,0.0317460333879465,-96.67381,1,1,0,1,1,0,0,7670.802882352941,0,-96.67381,18.41406,0.0158730166939732,146.8537882352941,2.151015411764706,0,1,F
D20,1,T,1,1,0.0218447053848678,-1267.552,1,1,1,1,1,1,1,2947.642882352941,0,-1267.552,15.38292,0.0133495193885536,4.700592411764705,37.061668235294114,1,1,T
E20,1,T,1,1,0.0561122796519802,-771.4274,1,1,1,1,1,1,1,7015.804,0,-771.4274,13.91352,0.0040080155306902,4.889574294117647,14.60353,1,1,T
F20,0,F,1,0,0.027026998485094,-56.81541,1,1,0,1,1,0,0,18793.531176470588,0,-56.81541,10.74886,0.1081081171463868,195.03185,1.1779094,0,1,F
G20,1,T,1,1,0.0383795464705893,-725.1834,1,1,1,1,1,1,1,2120.4971764705883,0,-725.1834,10.82363,0.0,6.175648294117647,11.275152941176472,1,1,T
H20,1,T,1,1,0.1103202481641761,-874.7435,1,1,1,1,1,1,1,5206.494352941177,0,-874.7435,12.45187,0.0071174384262358,5.1926435294117645,18.298163529411763,1,1,T
I20,1,T,1,1,0.0659026138680424,-547.388,1,1,1,1,1,1,1,3342.368941176471,0,-547.388,18.82136,0.0200573085270411,15.96652588235294,6.813676176470588,1,1,T
J20,0,F,1,1,0.0042826754637827,-709.6265,1,1,1,1,1,1,1,674.0819823529412,0,-709.6265,9.117257,0.0321199109672482,5.268423,12.087679411764706,1,0,T
K20,1,T,1,1,0.0755905341883833,-973.0893,1,1,1,1,1,1,1,2324.051823529412,0,-973.0893,19.92151,0.00314960610501,2.2186647647058826,11.430634705882351,1,1,T
L20,0,F,0,0,0.825000019955125,-125.2811,1,1,0,1,1,1,0,7921.998647058824,0,-125.2811,10.96209,0.074999988026925,1.0,2.9731162352941176,0,1,F
M20,0,F,0,1,0.8848485150882174,-250.5233,1,1,1,1,0,1,0,2973.910882352941,0,-250.5233,13.66491,0.1999999600835531,1.0,4.184699176470588,0,1,F
N20,0,F,1,0,0.0555555062991373,-56.39423,1,1,0,1,1,1,0,7194.934411764706,0,-56.39423,12.53205,0.111111118992138,1.0,3.02229,0,1,F
O20,0,F,1,0,0.1463415014961564,-128.0949,1,1,0,1,1,0,0,12014.148823529413,0,-128.0949,17.18346,0.0121951147157302,,,0,1,F
P20,0,F,1,1,0.1011450258041057,-796.4624,1,1,1,1,1,1,1,1620.6072941176471,0,-796.4624,12.15973,0.020992365741308,4.5065897058823525,15.942629411764706,1,0,T
A21,0,F,1,1,0.0031446547315624,-488.6705,1,1,1,1,1,1,1,3338.842294117648,0,-488.6705,12.2936,0.0,13.059119411764703,16.728999411764704,1,0,T
B21,1,T,1,1,0.005707763061318,-1358.343,1,1,1,1,1,1,1,2727.7230588235293,0,-1358.343,15.5062,0.014840183959427,4.485632411764706,31.46723,1,1,T
C21,0,F,0,0,0.9545454572965906,-33.0442,0,0,0,1,1,0,0,99.58734352941175,17,-33.0442,12.01607,0.0909090854068187,73.67295235294117,112.4320711764706,0,1,F
D21,0,F,0,0,0.8,-38.48275,0,0,0,1,0,0,1,204.22120588235296,17,-38.48275,15.3931,1.6000002598566891,133.45053333333334,47.50504333333333,0,1,F
E21,1,T,1,1,0.0301003948159609,-459.8345,1,1,1,1,1,1,1,2310.6037647058824,0,-459.8345,13.84117,0.010033444641496,9.25687711764706,6.857460117647059,1,1,T
F21,0,F,0,1,0.7810456904492658,-453.9986,1,1,1,1,1,0,1,7414.546470588235,0,-453.9986,13.3529,0.0098039223028441,46.16558823529412,5.091292235294118,0,1,F
G21,0,F,1,1,0.0820669077402641,-519.5094,1,1,1,1,1,0,1,4169.368235294118,0,-519.5094,15.79056,0.0030395138182292,27.46818117647059,18.95264882352941,0,1,F
H21,0,F,0,1,0.7214675010636408,-1114.0980000000002,1,1,1,1,1,1,1,1777.8998823529412,0,-1114.0980000000002,19.67836,0.0067934786706375,13.433775470588236,10.397145294117646,0,1,F
I21,0,F,1,1,0.0893170192597016,-884.022,1,1,1,1,1,1,1,1855.3087058823528,0,-884.022,17.0302,0.0017513138813287,11.940093529411763,12.557364705882351,1,0,T
J21,0,F,1,1,0.070063701085784,-1214.422,1,1,1,1,1,1,1,2013.253176470588,0,-1214.422,13.92331,0.0089171968228507,4.571669882352941,39.78422529411765,1,0,T
K21,1,T,1,1,0.0623145076717641,-512.1573,1,1,1,1,1,1,1,2165.859882352941,0,-512.1573,13.67779,0.0059347177127027,1.0,6.132388058823529,1,1,T
L21,1,T,1,1,0.0901826715631572,-1330.749,1,1,1,1,1,1,1,6598.222882352941,0,-1330.749,12.15296,0.0114155261435477,3.231158176470589,11.605839411764707,1,1,T
M21,0,F,1,1,0.089595410633613,-1079.539,1,1,1,1,1,1,1,6930.598,0,-1079.539,14.04025,0.0014450862822,12.101319294117646,15.554259411764706,1,0,T
N21,1,T,1,1,0.057971193678844,-420.5813,1,1,1,1,1,1,1,3673.8730588235294,0,-420.5813,13.71461,0.0181159409607607,1.7004455882352942,8.065867058823528,1,1,T
O21,1,T,1,1,0.0397877901203879,-576.0712,1,1,1,1,1,1,1,2890.450823529412,0,-576.0712,19.86452,0.0132625984426925,1.0,7.530361411764706,1,1,T
P21,1,T,1,1,0.1106291062569999,-713.393,1,1,1,1,1,1,1,1817.2080588235287,0,-713.393,13.92741,0.0108459853124434,2.931862588235294,13.440320588235297,1,1,T
A22,0,F,0,0,0.7407407139274407,-82.87761,0,0,0,1,0,0,1,238.1818470588236,17,-82.87761,38.36927,0.3888888687789139,71.76737470588236,4.518561,0,1,F
B22,0,F,1,1,0.1712963932092692,-329.61990000000003,1,1,1,1,1,1,1,5150.494470588235,0,-329.61990000000003,12.20814,0.0092592589221706,10.638857058823527,5.49384694117647,1,0,T
C22,1,T,1,1,0.0076142285923371,-606.722,1,1,1,1,1,1,1,2735.342647058824,0,-606.722,13.85913,0.0050761419562831,7.055904588235294,14.95221235294118,1,1,T
D22,0,F,1,0,0.1111110787607044,-27.4769,0,0,0,1,0,0,0,324.5266470588235,17,-27.4769,15.26494,0.1666666545352641,,,0,1,F
E22,1,T,1,1,0.062663177477786,-578.3197,1,1,1,1,1,1,1,7043.791352941176,0,-578.3197,15.09973,0.0130548293616835,9.325658352941176,11.358442352941177,1,1,T
F22,1,T,1,1,0.0029411764705882,-1051.9260000000002,1,1,1,1,1,1,1,2949.770705882353,0,-1051.9260000000002,17.01645,0.0088235294117647,4.278353235294118,26.61709294117647,1,1,T
G22,0,F,1,0,0.023809656490192,-64.60194,1,1,0,1,0,0,0,542.5190705882353,0,-64.60194,15.38141,1.8333334881274463,,,0,1,F
H22,0,F,1,0,0.0307692075687184,-99.4673,1,1,0,1,1,0,0,11500.406470588236,0,-99.4673,10.71186,0.0769230792431281,27.30753,4.487704176470587,0,1,F
I22,0,F,1,0,0.1166667669168806,-94.76289,1,1,0,1,0,1,0,7579.836823529411,0,-94.76289,12.63505,0.1666666139033961,1.0,2.229334235294118,0,1,F
J22,1,T,1,1,0.0949913538163978,-884.3208000000001,1,1,1,1,1,1,1,4783.201588235294,0,-884.3208000000001,16.80057,0.0017271153183324,6.075451823529412,12.047174705882354,1,1,T
K22,0,F,1,1,0.051522229021989,-654.2708,1,1,1,1,1,1,1,3367.8575294117645,0,-654.2708,16.85475,0.0117096025070964,13.303923529411763,15.364572941176467,1,0,T
L22,1,T,1,1,0.0633802237794319,-646.9406,1,1,1,1,1,1,1,4972.717294117647,0,-646.9406,16.70504,0.0070422524108086,9.329130235294118,14.399361764705883,1,1,T
M22,0,F,1,0,0.6800000209134253,-38.25294,1,1,0,1,0,0,0,5189.990882352941,0,-38.25294,10.71082,1.0,,,0,1,F
N22,0,F,1,0,0.2881355193595273,-91.78969,1,1,0,1,1,0,0,9732.62888235294,0,-91.78969,12.44606,0.1355932240320236,,,0,1,F
O22,0,F,1,1,0.0874172402691168,-1146.119,1,1,1,1,1,1,1,2164.496235294117,0,-1146.119,18.21646,0.0052980135570564,8.438716470588234,11.63046,1,0,T
P22,0,F,0,1,0.7734806790571026,-2199.815,1,1,1,1,1,1,1,3698.089117647059,0,-2199.815,16.7113,0.0048342519711884,6.578047235294117,38.69993058823529,0,1,F
A23,0,F,1,0,0.5142856752445701,-109.7743,0,0,0,1,0,0,1,102.43611352941176,17,-109.7743,0.0,0.41428567524457,46.62020764705882,16.93500588235294,0,1,F
B23,0,F,1,0,0.3333333277222005,-59.40571,0,0,0,1,0,0,1,148.16170588235295,17,-59.40571,13.70901,0.4358974920087648,75.283265,10.184184750000002,0,1,F
C23,1,T,1,1,0.0518017631023148,-704.2019,1,1,1,1,1,1,1,4574.3088823529415,0,-704.2019,14.27436,0.0135135150870794,8.714228117647059,13.05113411764706,1,1,T
D23,1,T,1,1,0.0535714537365469,-425.7594,1,1,1,1,1,1,1,1859.9918823529413,0,-425.7594,15.20569,0.0107142860498206,7.30257205882353,9.323049000000005,1,1,T
E23,0,F,0,0,0.8088236241783735,-105.5224,1,1,0,1,1,0,0,4287.378823529411,0,-105.5224,17.0698,0.0147058728762802,47.52759,3.296199058823529,0,1,F
F23,0,F,1,0,0.6326531028943086,-73.46383,0,0,0,1,0,0,0,56.85273705882353,17,-73.46383,13.49336,6.183674333342,44.19248235294118,163.86580588235293,0,1,F
G23,0,F,1,0,0.1666667618680414,-105.0405,1,1,0,1,1,1,0,13707.860647058822,0,-105.0405,11.14066,0.0909090779270852,19.75187588235294,3.373647705882353,0,1,F
H23,0,F,1,1,0.0078124870294276,-385.488,1,1,1,1,1,1,1,1274.1113529411764,0,-385.488,16.56394,0.0078125,8.544887294117647,9.244500470588234,1,0,T
I23,1,T,1,1,0.0961038850592855,-587.9344,1,1,1,1,1,1,1,4622.381,0,-587.9344,15.27102,0.0051948057470357,5.391870470588235,11.506588235294116,1,1,T
J23,0,F,1,1,0.0997442422806945,-583.4819,1,1,1,1,1,1,1,3783.8207058823527,0,-583.4819,14.922809999999998,0.0153452677795146,9.229416647058825,5.879071470588236,1,0,T
K23,0,F,0,0,1.1250001335984474,-48.65326,0,0,0,1,1,0,1,150.88355882352943,17,-48.65326,24.32663,0.0,94.58057352941177,46.91607058823529,0,1,F
L23,1,T,1,1,0.1181434695716654,-716.6314,1,1,1,1,1,1,1,3891.128941176471,0,-716.6314,12.09504,0.0042194090295234,6.795539,20.68363,1,1,T
M23,1,T,1,1,0.1001698041788466,-905.1014,1,1,1,1,1,1,1,6954.418,0,-905.1014,10.75672,0.0016977931975356,5.596339352941177,20.52511882352941,1,1,T
N23,1,T,1,1,0.0559895249747783,-1164.675,1,1,1,1,1,1,1,3942.537176470588,0,-1164.675,12.13203,0.0013020834138278,6.045069941176471,16.439529999999998,1,1,T
O23,1,T,1,1,0.0153373974536223,-498.2136,1,1,1,1,1,1,1,5636.044823529412,0,-498.2136,9.169576,0.0092024545295431,8.527931529411765,12.310642941176472,1,1,T
P23,0,F,1,1,0.0875421007046248,-460.4436,1,1,1,1,1,1,1,2060.290176470588,0,-460.4436,17.053469999999997,0.0370370442764325,6.95168905882353,10.307171764705885,1,0,T
A24,0,F,0,0,0.8636364779260493,-33.40793,0,0,0,1,0,0,0,376.4765352941176,17,-33.40793,13.66688,0.2272727163879953,46.477889375,3.2822550625,0,1,F
B24,0,F,1,1,0.036390179014294,-1064.496,1,1,1,1,1,1,1,3911.686,0,-1064.496,17.044340000000002,0.0276564872014549,3.962102588235294,24.84017411764706,1,0,T
C24,1,T,1,1,0.0,-318.4966,1,1,1,1,1,1,1,2852.502411764706,0,-318.4966,12.1332,0.019047616206892,7.068801470588236,10.02612717647059,1,1,T
D24,0,F,1,1,0.0,-480.0069,1,1,1,1,1,1,1,2523.051941176471,0,-480.0069,12.30787,0.0032051289262716,10.543616470588235,6.762959529411765,1,0,T
E24,1,T,1,1,0.0901288131841792,-719.2742000000001,1,1,1,1,1,1,1,6737.065176470589,0,-719.2742000000001,10.80455,0.0,6.7204745294117645,13.046831764705882,1,1,T
F24,1,T,1,1,0.0914632248877558,-241.0149,1,1,1,1,1,0,1,3685.536,0,-241.0149,13.22643,0.0304878080151891,24.19664,6.723508470588235,0,0,F
G24,0,F,0,0,1.1111111011832218,-55.95908,0,0,0,1,0,0,1,100.13378764705882,17,-55.95908,12.43535,6.361110654428201,56.67384352941176,13.337502941176467,0,1,F
H24,0,F,1,1,0.0840708668771404,-679.8945,1,1,1,1,1,1,1,2334.63,0,-679.8945,15.04192,0.0022123903046722,4.723204764705883,13.031404705882354,1,0,T
I24,0,F,0,0,0.7656251836607434,-100.3889,1,1,0,1,1,0,0,2700.156117647059,0,-100.3889,14.11719,0.1093750404676214,24.580215294117647,3.2962099411764707,0,1,F
J24,0,F,1,1,0.0343750256316878,-487.6776,1,1,1,1,1,1,1,9184.776117647058,0,-487.6776,15.23993,0.0156250010252675,13.417199411764706,4.9213487058823535,1,0,T
K24,1,T,1,1,0.0538243613408687,-537.3054,1,1,1,1,1,1,1,2276.670470588236,0,-537.3054,16.743229999999997,0.0113314457662253,8.00083905882353,19.682629411764708,1,1,T
L24,0,F,1,1,0.0581818089747566,-424.5753,1,1,1,1,1,1,1,1141.8281529411763,0,-424.5753,12.35128,0.0618181745381796,8.127245823529412,11.15663411764706,1,0,T
M24,0,F,1,0,0.0357142857142857,-42.3948,1,1,0,1,1,0,0,9918.738,0,-42.3948,12.1128,0.0,40.996858823529415,3.0411863529411765,0,1,F
N24,0,F,1,1,0.0440414887443774,-607.2876,1,1,1,1,1,1,1,4055.1957058823527,0,-607.2876,17.30612,0.0310880874234876,7.489046470588235,10.040216411764703,1,0,T
O24,0,F,1,1,0.0729295233336388,-1232.791,1,1,1,1,1,1,1,759.5094705882352,0,-1232.791,15.23845,0.0111248459795699,5.081009,20.46352588235294,1,0,T
P24,1,T,1,1,0.0805687193799271,-332.0126,1,1,1,1,1,0,1,2706.035058823529,0,-332.0126,11.01464,0.0331753674408742,27.905767647058823,7.876106117647059,0,0,F
